strategy,churn_rate,seed,n_nodes,n_shards,ticks,n_queries,success_rate,throughput_per_tick,mean_cost,p90_cost,total_control_cost,control_overhead_ratio,n_disruptions,mean_recovery_ticks,n_never_recovered,max_query_hops,trial
adaptive_centralized,0.2,447825,14,10,400,2703,0.6625971143174251,4.4775,19.537944359124072,37.933842547977264,266.0,0.12931453573164803,59,0.7966101694915254,0,4,0
adaptive_centralized,0.2,152083,14,10,400,2851,0.5580498070852332,3.9775,19.13661984322925,33.52998275849083,266.0,0.14324178782983307,63,0.08064516129032258,0,4,1
adaptive_centralized,0.2,407530,14,10,400,2849,0.18287118287118287,1.3025,14.951759722452932,33.76429065004203,266.0,0.33799237611181704,64,1.3548387096774193,2,4,2
adaptive_centralized,0.2,257038,14,10,400,2816,0.5589488636363636,3.935,23.314280092718494,44.25009995045788,266.0,0.14456521739130435,62,0.22580645161290322,0,4,3
adaptive_centralized,0.2,50926,14,10,400,2829,0.6518204312477908,4.61,17.97492205186396,31.03171493946404,266.0,0.12606635071090047,51,0.0625,3,4,4
adaptive_centralized,0.2,245162,14,10,400,2883,0.4287200832466181,3.09,12.333215612834788,22.425383619635824,266.0,0.17709720372836218,82,2.1219512195121952,0,4,5
adaptive_centralized,0.2,357266,14,10,400,2781,0.0996044588277598,0.6925,7.260427754338686,16.610865704523516,266.0,0.48987108655616945,58,1.0517241379310345,0,4,6
adaptive_centralized,0.2,530931,14,10,400,2849,0.1825201825201825,1.3,16.79052031988929,33.86039700385256,266.0,0.3384223918575064,72,3.5694444444444446,0,4,7
adaptive_centralized,0.2,505833,14,10,400,2714,0.16912306558585113,1.1475,16.874563459541132,34.61764621377209,266.0,0.36689655172413793,73,2.4657534246575343,0,4,8
adaptive_centralized,0.2,270290,14,10,400,2805,0.5807486631016042,4.0725,17.354587964733582,31.920737159825762,266.0,0.14036939313984167,67,0.9552238805970149,0,4,9
adaptive_centralized,0.2,265764,14,10,400,2749,0.5209166969807203,3.58,17.202223445826462,30.66557076162651,266.0,0.15665488810365136,71,0.028169014084507043,0,4,10
adaptive_centralized,0.2,733067,14,10,400,2864,0.604050279329609,4.325,17.884519410872226,31.589794432170578,266.0,0.13326653306613226,65,2.34375,0,4,11
adaptive_centralized,0.2,123172,14,10,400,2765,0.46690777576853526,3.2275,16.855459431768026,31.160558294429585,266.0,0.1708413615928067,55,0.6851851851851852,1,4,12
adaptive_centralized,0.2,432549,14,10,400,2821,0.14852889046437434,1.0475,15.738184980250551,31.51065169611817,266.0,0.3883211678832117,72,4.357142857142857,2,4,13
adaptive_centralized,0.2,621564,14,10,400,2762,0.5423606082548877,3.745,21.36547557915343,41.915911103413414,266.0,0.15079365079365079,61,0.5901639344262295,0,4,14
adaptive_centralized,0.2,788785,14,10,400,2805,0.3711229946524064,2.6025,20.11891698940325,35.81319777797685,266.0,0.2035195103289977,58,2.0350877192982457,1,4,15
adaptive_centralized,0.2,25810,14,10,400,2730,0.452014652014652,3.085,17.091713279249532,43.778235320066145,266.0,0.17733333333333334,56,2.685185185185185,2,4,16
adaptive_centralized,0.2,142645,14,10,400,2782,0.6761322789360172,4.7025,23.48853117672199,39.64519354978211,266.0,0.12389380530973451,54,0.0,1,4,17
adaptive_centralized,0.2,112079,14,10,400,2757,0.7257889009793254,5.0025,15.789986610576193,29.106337182952352,266.0,0.11733568592853992,54,0.2978723404255319,6,4,18
adaptive_centralized,0.2,771156,14,10,400,2821,0.40694789081885857,2.87,18.817545274101317,35.18648776664004,266.0,0.18811881188118812,57,7.388888888888889,3,4,19
adaptive_centralized,0.2,19290,14,10,400,2818,0.3353442157558552,2.3625,22.618110809487327,62.72927750803126,266.0,0.21965317919075145,64,5.046875,0,6,0
adaptive_centralized,0.2,926129,14,10,400,2734,0.8675932699341624,5.93,21.270478247601478,38.39474761296897,266.0,0.10083396512509477,44,0.5227272727272727,0,6,1
adaptive_centralized,0.2,795156,14,10,400,2763,0.24104234527687296,1.665,20.690462072321157,46.39001351843529,266.0,0.2854077253218884,54,1.8888888888888888,0,6,2
adaptive_centralized,0.2,331487,14,10,400,2790,0.7053763440860215,4.92,17.643139703727357,30.817494882018806,266.0,0.11906893464637422,59,1.1694915254237288,0,6,3
adaptive_centralized,0.2,612161,14,10,400,2780,0.5467625899280576,3.8,20.98593438646395,44.11353143177512,266.0,0.14893617021276595,74,5.485714285714286,3,6,4
adaptive_centralized,0.2,271705,14,10,400,2781,0.6213592233009708,4.32,24.04347228745399,46.627305685500794,266.0,0.1334002006018054,52,3.5510204081632653,3,6,5
adaptive_centralized,0.2,182910,14,10,400,2744,0.5120262390670554,3.5125,22.495287968452114,41.181848979754655,266.0,0.15918611609814481,60,0.11864406779661017,0,6,6
adaptive_centralized,0.2,934353,14,10,400,2809,0.8786044855820577,6.17,25.989380415311434,44.4853962581589,266.0,0.09729334308705194,50,1.26,0,6,7
adaptive_centralized,0.2,206008,14,10,400,2654,0.7211755840241145,4.785,26.99296391084437,49.53263478514479,266.0,0.12201834862385322,73,0.0,0,6,8
adaptive_centralized,0.2,650564,14,10,400,2841,0.5462865188313974,3.88,28.54167995506786,56.743122446999216,266.0,0.14631463146314633,60,0.05555555555555555,5,6,9
adaptive_centralized,0.2,579803,14,10,400,2832,0.7337570621468926,5.195,27.618497973099906,52.82097590668604,266.0,0.11348122866894197,54,2.1296296296296298,0,6,10
adaptive_centralized,0.2,772883,14,10,400,2732,0.4575402635431918,3.125,27.848793182093615,52.10669911924127,266.0,0.17546174142480211,62,2.8524590163934427,1,6,11
adaptive_centralized,0.2,358824,14,10,400,2815,0.6731793960923623,4.7375,21.20096764595215,38.51250554775534,266.0,0.12309116149930588,62,1.6612903225806452,0,6,12
adaptive_centralized,0.2,323792,14,10,400,2768,0.3703034682080925,2.5625,23.91751060789771,45.52811242179594,266.0,0.20604182804027885,62,2.0806451612903225,0,6,13
adaptive_centralized,0.2,303540,14,10,400,2792,0.5268624641833811,3.6775,21.39343185783414,38.72583629675498,266.0,0.15313759355210133,51,0.8478260869565217,5,6,14
adaptive_centralized,0.2,595276,14,10,400,2804,0.37054208273894434,2.5975,18.641637516806103,35.62049062160126,266.0,0.20383141762452106,59,4.535714285714286,2,6,15
adaptive_centralized,0.2,276011,14,10,400,2805,0.685204991087344,4.805,31.612678124706374,59.429480617127766,266.0,0.12157221206581353,50,0.8979591836734694,1,6,16
adaptive_centralized,0.2,241909,14,10,400,2817,0.38800141995030174,2.7325,24.567172807708236,51.27996865942845,266.0,0.19573215599705665,57,6.527272727272727,2,6,17
adaptive_centralized,0.2,45786,14,10,400,2663,0.7484040555764175,4.9825,21.682069436677175,40.64235467171686,266.0,0.11775121735281098,55,0.5636363636363636,0,6,18
adaptive_centralized,0.2,972270,14,10,400,2659,0.3899962391876645,2.5925,20.55005418415331,36.217963685195215,266.0,0.20414428242517269,65,5.161290322580645,3,6,19
adaptive_centralized,0.2,836666,14,10,400,2772,0.4935064935064935,3.42,21.603739803468308,46.37156156141884,266.0,0.16279069767441862,55,2.9038461538461537,2,8,0
adaptive_centralized,0.2,792164,14,10,400,2788,0.37374461979913914,2.605,21.153230571223308,43.32372067713492,266.0,0.20336391437308868,55,3.8,0,8,1
adaptive_centralized,0.2,197932,14,10,400,2822,0.77462792345854,5.465,27.891834383696665,53.219338622143184,266.0,0.10848287112561175,59,2.1551724137931036,0,8,2
adaptive_centralized,0.2,717419,14,10,400,2836,0.4721438645980254,3.3475,21.922040561213095,39.523451137739244,266.0,0.16573208722741434,62,0.6774193548387096,0,8,3
adaptive_centralized,0.2,351335,14,10,400,2746,0.40167516387472685,2.7575,22.62515895043419,42.81789444929835,266.0,0.19430241051862673,52,1.22,2,8,4
adaptive_centralized,0.2,164818,14,10,400,2870,0.3111498257839721,2.2325,17.64120566352126,31.397525732496472,266.0,0.22950819672131148,69,0.1724137931034483,11,8,5
adaptive_centralized,0.2,808240,14,10,400,2887,0.7502597852441981,5.415,26.458196175135296,50.121311880924964,266.0,0.109375,71,1.267605633802817,0,8,6
adaptive_centralized,0.2,335688,14,10,400,2739,0.37677984665936476,2.58,17.21169228846606,35.44213145181722,266.0,0.2049306625577812,63,7.984126984126984,0,8,7
adaptive_centralized,0.2,96885,14,10,400,2757,0.35400797968806674,2.44,17.787043322290145,33.462800154186596,266.0,0.214170692431562,57,2.7291666666666665,9,8,8
adaptive_centralized,0.2,688354,14,10,400,2785,0.5504488330341113,3.8325,19.201466221820628,36.007999915260925,266.0,0.14785992217898833,62,1.5,0,8,9
adaptive_centralized,0.2,583047,14,10,400,2803,0.15412058508740634,1.08,17.151010156389685,36.619280976439995,266.0,0.38108882521489973,78,2.0933333333333333,2,8,10
adaptive_centralized,0.2,757137,14,10,400,2864,0.3680167597765363,2.635,18.05370345406113,33.0417104277513,266.0,0.2015151515151515,55,1.9056603773584906,2,8,11
adaptive_centralized,0.2,769661,14,10,400,2856,0.4485294117647059,3.2025,19.80626481005555,34.89038324505103,266.0,0.17194570135746606,42,1.2195121951219512,0,8,12
adaptive_centralized,0.2,526804,14,10,400,2869,0.7518299058905542,5.3925,25.167093126562616,44.10609553156618,266.0,0.10978126289723483,54,0.0,0,8,13
adaptive_centralized,0.2,833516,14,10,400,2864,0.35579608938547486,2.5475,15.274286346486155,30.95219610410678,266.0,0.20700389105058364,72,4.583333333333333,0,8,14
adaptive_centralized,0.2,247033,14,10,400,2834,0.42378263937896965,3.0025,24.10538537816527,45.15325183824912,266.0,0.18132242672119972,63,1.7049180327868851,2,8,15
adaptive_centralized,0.2,315033,14,10,400,2809,0.8522605909576362,5.985,23.594536328228912,47.14030027503909,266.0,0.1,56,0.017857142857142856,0,8,16
adaptive_centralized,0.2,957480,14,10,400,2770,0.336101083032491,2.3275,27.01188208151182,55.921316997750495,266.0,0.2222222222222222,53,1.0784313725490196,2,8,17
adaptive_centralized,0.2,296995,14,10,400,2819,0.7261440227030862,5.1175,20.656251371577582,36.04200890081985,266.0,0.11500216169476869,54,0.0,0,8,18
adaptive_centralized,0.2,649843,14,10,400,2767,0.7799060354174195,5.395,27.685183291984664,47.77316274462199,266.0,0.10973597359735973,52,2.1153846153846154,0,8,19
adaptive_centralized,0.2,141898,14,10,400,2773,0.7432383699963938,5.1525,16.869300908112834,30.49180939126702,266.0,0.11431027073485174,57,0.7142857142857143,0,10,0
adaptive_centralized,0.2,241246,14,10,400,2905,0.41927710843373495,3.045,18.11802329531159,33.654575234953,266.0,0.1792452830188679,66,9.876923076923077,0,10,1
adaptive_centralized,0.2,683277,14,10,400,2774,0.8543619322278299,5.925,23.768992551769216,43.098630534005196,266.0,0.10091047040971168,49,1.9387755102040816,0,10,2
adaptive_centralized,0.2,298390,14,10,400,2762,0.7089065894279507,4.895,24.518328425709615,44.29862226899233,266.0,0.1196043165467626,55,1.6363636363636365,0,10,3
adaptive_centralized,0.2,28901,14,10,400,2867,0.5081967213114754,3.6425,28.198277793403875,53.60602557629371,266.0,0.1543818920487522,65,4.123076923076923,0,10,4
adaptive_centralized,0.2,937904,14,10,400,2773,0.7385503065272269,5.12,22.6428512782065,38.79611087275635,266.0,0.11495246326707001,52,0.038461538461538464,0,10,5
adaptive_centralized,0.2,745038,14,10,400,2875,0.6187826086956522,4.4475,22.5339212663219,41.87008583284205,266.0,0.13007334963325184,66,0.21666666666666667,5,10,6
adaptive_centralized,0.2,991787,14,10,400,2772,0.2846320346320346,1.9725,22.951098211489015,42.04955478521164,266.0,0.25213270142180094,71,4.408450704225352,0,10,7
adaptive_centralized,0.2,893627,14,10,400,2866,0.6109560362875087,4.3775,19.84313253402688,36.90219551523148,266.0,0.13187902825979178,67,0.0,0,10,8
adaptive_centralized,0.2,292143,14,10,400,2832,0.4826977401129944,3.4175,24.892311356043667,47.25696715196324,266.0,0.16289038579301898,65,1.7704918032786885,4,10,9
adaptive_centralized,0.2,477346,14,10,400,2865,0.631413612565445,4.5225,28.592053876247356,60.930618531707886,266.0,0.12819277108433735,55,2.0545454545454547,0,10,10
adaptive_centralized,0.2,486438,14,10,400,2791,0.5209602293084916,3.635,20.392458377753076,42.13257469239832,266.0,0.15465116279069768,53,3.641509433962264,0,10,11
adaptive_centralized,0.2,348451,14,10,400,2775,0.6681081081081081,4.635,23.33628738944546,50.11069228812316,266.0,0.12547169811320755,55,1.0,0,10,12
adaptive_centralized,0.2,88485,14,10,400,2797,0.8291026099392206,5.7975,26.206941447358833,46.64035440356848,266.0,0.10290135396518375,62,0.14516129032258066,0,10,13
adaptive_centralized,0.2,249276,14,10,400,2821,0.5856079404466501,4.13,22.543855332554415,47.072989612247184,266.0,0.1386861313868613,66,3.296875,1,10,14
adaptive_centralized,0.2,593733,14,10,400,2790,0.38924731182795697,2.715,23.265485008672613,42.710220980104154,266.0,0.19674556213017752,54,0.6037735849056604,1,10,15
adaptive_centralized,0.2,345426,14,10,400,2774,0.5021629416005768,3.4825,22.388533843883867,45.63483211989457,266.0,0.16033755274261605,58,4.571428571428571,2,10,16
adaptive_centralized,0.2,232715,14,10,400,2769,0.5695196821957386,3.9425,24.871858168353114,48.70564699313178,266.0,0.14432989690721648,56,2.1785714285714284,0,10,17
adaptive_centralized,0.2,4236,14,10,400,2778,0.6828653707703384,4.7425,21.502367641419507,36.86504522223777,266.0,0.12297734627831715,67,0.46153846153846156,2,10,18
adaptive_centralized,0.2,629300,14,10,400,2749,0.5307384503455802,3.6475,21.248519605337542,39.31082423739586,266.0,0.15420289855072464,56,2.5,0,10,19
adaptive_centralized,0.2,52518,14,10,400,2876,0.7079276773296245,5.09,17.561522205869164,32.66900845839468,266.0,0.1155516941789748,43,0.0,0,15,0
adaptive_centralized,0.2,15660,14,10,400,2826,0.5704175513092711,4.03,24.362788310136917,48.028885634615975,266.0,0.14164004259850904,53,0.39622641509433965,0,15,1
adaptive_centralized,0.2,56905,14,10,400,2782,0.402588066139468,2.8,20.910231640124884,37.07919129096154,266.0,0.1919191919191919,57,3.0357142857142856,1,15,2
adaptive_centralized,0.2,313528,14,10,400,2835,0.7742504409171076,5.4875,23.278489893206398,40.52794081476655,266.0,0.10808614384396587,55,0.23636363636363636,0,15,3
adaptive_centralized,0.2,284244,14,10,400,2793,0.3644826351593269,2.545,25.661614722951995,45.61156331726153,266.0,0.2071651090342679,66,8.984848484848484,0,15,4
adaptive_centralized,0.2,972470,14,10,400,2834,0.7290049400141143,5.165,22.045194705537345,37.5826961902272,266.0,0.11406518010291596,58,0.0,0,15,5
adaptive_centralized,0.2,120607,14,10,400,2732,0.544289897510981,3.7175,23.714024946131577,44.06984418784684,266.0,0.1517398745008557,59,1.0847457627118644,0,15,6
adaptive_centralized,0.2,409931,14,10,400,2773,0.8085106382978723,5.605,27.031802819871185,46.13228076931697,266.0,0.10606060606060606,61,1.8360655737704918,0,15,7
adaptive_centralized,0.2,31078,14,10,400,2792,0.5490687679083095,3.8325,14.816957428188173,29.432219558770367,266.0,0.14785992217898833,68,0.8208955223880597,0,15,8
adaptive_centralized,0.2,995465,14,10,400,2890,0.5432525951557093,3.925,21.714968390492817,39.01334773827482,266.0,0.144880174291939,49,2.2916666666666665,1,15,9
adaptive_centralized,0.2,118972,14,10,400,2825,0.09345132743362831,0.66,10.974171294692644,29.49836555290971,266.0,0.5018867924528302,65,0.765625,0,15,10
adaptive_centralized,0.2,851760,14,10,400,2839,0.1715392743923917,1.2175,15.245201885635135,28.75596618921569,266.0,0.35325365205843295,65,1.9230769230769231,0,15,11
adaptive_centralized,0.2,279001,14,10,400,2727,0.7260726072607261,4.95,25.021871744700668,45.58339509517463,266.0,0.11843276936776491,56,0.10714285714285714,0,15,12
adaptive_centralized,0.2,284980,14,10,400,2843,0.7562434048540274,5.375,20.632226876845017,34.06016057138471,266.0,0.11009933774834436,55,0.01818181818181818,0,15,13
adaptive_centralized,0.2,717725,14,10,400,2731,0.6763090443061149,4.6175,21.306037551434756,38.22306771779239,266.0,0.12588736393752958,50,0.52,0,15,14
adaptive_centralized,0.2,769595,14,10,400,2753,0.7359244460588449,5.065,17.059390097303414,29.601196589210893,266.0,0.11605584642233857,61,0.09836065573770492,0,15,15
adaptive_centralized,0.2,761067,14,10,400,2817,0.708910188143415,4.9925,20.5138505566768,38.35099660781088,266.0,0.1175430844012373,54,0.07407407407407407,0,15,16
adaptive_centralized,0.2,762707,14,10,400,2800,0.7492857142857143,5.245,24.31280990374153,43.64606496241178,266.0,0.11252115059221658,64,2.2333333333333334,4,15,17
adaptive_centralized,0.2,299708,14,10,400,2862,0.6946191474493362,4.97,26.892067841840454,48.80325280407557,266.0,0.11801242236024845,48,1.375,0,15,18
adaptive_centralized,0.2,963196,14,10,400,2797,0.5141222738648552,3.595,24.59006842738887,41.455778632477355,266.0,0.15610328638497653,65,2.3230769230769233,0,15,19
adaptive_centralized,0.2,815638,14,10,400,2875,0.782608695652174,5.625,18.280886966876864,31.672231447913106,266.0,0.10572337042925278,61,0.14754098360655737,0,25,0
adaptive_centralized,0.2,621814,14,10,400,2837,0.7388086006344731,5.24,21.527779717548793,40.95655477141136,266.0,0.1126164267569856,53,0.0392156862745098,2,25,1
adaptive_centralized,0.2,82093,14,10,400,2769,0.26688335139039365,1.8475,14.262827676806289,29.686922302698655,266.0,0.2646766169154229,54,3.2777777777777777,0,25,2
adaptive_centralized,0.2,558744,14,10,400,2775,0.4627027027027027,3.21,23.004976217719847,47.036838320902234,266.0,0.17161290322580644,52,2.269230769230769,0,25,3
adaptive_centralized,0.2,991261,14,10,400,2854,0.5774351786965662,4.12,26.10277978583856,48.68796613178304,266.0,0.13897596656217345,66,1.4848484848484849,0,25,4
adaptive_centralized,0.2,976868,14,10,400,2780,0.5507194244604317,3.8275,30.172112231588596,60.167840399577095,266.0,0.14802448525319978,49,6.702127659574468,2,25,5
adaptive_centralized,0.2,613391,14,10,400,2910,0.6336769759450172,4.61,16.048910761077213,30.490637405478918,266.0,0.12606635071090047,59,4.322033898305085,0,25,6
adaptive_centralized,0.2,85169,14,10,400,2754,0.4578794480755265,3.1525,15.070969799510825,27.578206874750894,266.0,0.1741977734119188,49,0.5918367346938775,0,25,7
adaptive_centralized,0.2,206373,14,10,400,2754,0.5758896151053013,3.965,27.131485829660356,49.4704478426258,266.0,0.14362850971922247,51,1.4509803921568627,0,25,8
adaptive_centralized,0.2,81035,14,10,400,2733,0.522136845956824,3.5675,24.481545141197554,42.677909018472896,266.0,0.15711754282339044,61,4.377049180327869,0,25,9
adaptive_centralized,0.2,666529,14,10,400,2828,0.6584158415841584,4.655,28.27843855643772,52.04937160608852,266.0,0.125,54,0.0,5,25,10
adaptive_centralized,0.2,160172,14,10,400,2860,0.21048951048951048,1.505,16.689201715812896,34.58671911590386,266.0,0.3064516129032258,74,3.0945945945945947,0,25,11
adaptive_centralized,0.2,135839,14,10,400,2847,0.6554267650158061,4.665,19.120957554445415,33.609667191995776,266.0,0.124765478424015,70,0.9428571428571428,0,25,12
adaptive_centralized,0.2,530768,14,10,400,2805,0.15436720142602495,1.0825,18.845134784683275,37.18290555429423,266.0,0.3805436337625179,73,1.7272727272727273,7,25,13
adaptive_centralized,0.2,926711,14,10,400,2913,0.7174733951253004,5.225,17.04073515218834,34.16366338594833,266.0,0.11290322580645161,71,0.8169014084507042,0,25,14
adaptive_centralized,0.2,535278,14,10,400,2774,0.7281903388608507,5.05,15.607700421241974,30.49941172611286,266.0,0.1163604549431321,53,0.9622641509433962,0,25,15
adaptive_centralized,0.2,785461,14,10,400,2828,0.5353606789250354,3.785,18.29613428695623,37.106812680876004,266.0,0.149438202247191,71,0.05970149253731343,4,25,16
adaptive_centralized,0.2,163624,14,10,400,2700,0.38851851851851854,2.6225,30.632398488686103,56.10574161068048,266.0,0.20228136882129277,66,4.545454545454546,0,25,17
adaptive_centralized,0.2,558058,14,10,400,2766,0.6735357917570499,4.6575,23.877207075356157,45.14512501928937,266.0,0.1249412869891968,52,0.0,1,25,18
adaptive_centralized,0.2,761693,14,10,400,2806,0.5039201710620099,3.535,24.146812101175495,43.69149491013321,266.0,0.15833333333333333,66,2.1846153846153844,0,25,19
adaptive_centralized,0.3,4234,14,10,400,2824,0.5934844192634561,4.19,17.99000982628555,32.689419389567654,266.0,0.13697219361483007,73,3.0273972602739727,0,4,0
adaptive_centralized,0.3,405443,14,10,400,2646,0.6186696900982616,4.0925,27.173085835746917,51.25704354635975,266.0,0.13977929584866,78,0.8,7,4,1
adaptive_centralized,0.3,361128,14,10,400,2778,0.3210943124550036,2.23,16.950462373538738,32.76131743654855,266.0,0.229706390328152,85,6.247058823529412,0,4,2
adaptive_centralized,0.3,454134,14,10,400,2776,0.16354466858789626,1.135,12.724842439246574,27.82137946908493,266.0,0.36944444444444446,103,6.401960784313726,1,4,3
adaptive_centralized,0.3,855139,14,10,400,2827,0.32614078528475415,2.305,17.73215286063097,39.78693776709835,266.0,0.2239057239057239,89,1.5280898876404494,0,4,4
adaptive_centralized,0.3,435920,14,10,400,2843,0.4910306014773127,3.49,14.658492690206652,36.26655342314295,266.0,0.16004813477737664,96,9.09375,0,4,5
adaptive_centralized,0.3,556690,14,10,400,2793,0.4364482635159327,3.0475,16.220590492116198,30.431693891096458,266.0,0.17912457912457913,91,1.4659090909090908,3,4,6
adaptive_centralized,0.3,545532,14,10,400,2812,0.2503556187766714,1.76,20.394877159546585,39.23500594203464,266.0,0.27422680412371137,90,3.6,0,4,7
adaptive_centralized,0.3,234942,14,10,400,2833,0.5001764913519238,3.5425,27.17924581694308,54.09355246770066,266.0,0.15805109922756982,81,1.6582278481012658,1,4,8
adaptive_centralized,0.3,628441,14,10,400,2754,0.4651416122004357,3.2025,19.889588070654963,38.773530146768884,266.0,0.17194570135746606,96,4.8,0,4,9
adaptive_centralized,0.3,11801,14,10,400,2838,0.21881606765327696,1.5525,14.007348907337068,26.191623045480412,266.0,0.29988726042841035,92,1.4777777777777779,2,4,10
adaptive_centralized,0.3,626971,14,10,400,2875,0.5332173913043479,3.8325,21.974601444040307,40.92170414622684,266.0,0.14785992217898833,95,1.3870967741935485,0,4,11
adaptive_centralized,0.3,740114,14,10,400,2825,0.224070796460177,1.5825,23.24254401898596,47.06356603006503,266.0,0.29588431590656283,77,0.0,0,4,12
adaptive_centralized,0.3,183632,14,10,400,2855,0.07915936952714536,0.565,13.049782118605508,24.380542566133155,266.0,0.540650406504065,88,0.27586206896551724,0,4,13
adaptive_centralized,0.3,390314,14,10,400,2833,0.705259442287328,4.995,22.379934346831195,38.386938316403175,266.0,0.11749116607773852,76,1.0657894736842106,0,4,14
adaptive_centralized,0.3,503168,14,10,400,2829,0.2863202545068929,2.025,23.735607817367644,51.27751781411166,266.0,0.24721189591078066,95,2.7058823529411766,9,4,15
adaptive_centralized,0.3,303237,14,10,400,2723,0.3466764597869996,2.36,15.528250159548524,32.45409249456957,266.0,0.21983471074380165,79,2.3289473684210527,3,4,16
adaptive_centralized,0.3,127863,14,10,400,2792,0.5759312320916905,4.02,27.440660227501223,58.41701586355812,266.0,0.14194236926360726,102,0.88,2,4,17
adaptive_centralized,0.3,838924,14,10,400,2817,0.5892793752218672,4.15,18.462876869230364,43.56660257131924,266.0,0.13811007268951195,84,3.36144578313253,1,4,18
adaptive_centralized,0.3,987433,14,10,400,2741,0.3593578985771616,2.4625,24.16044755955467,50.098569073929426,266.0,0.21262989608313348,93,3.3214285714285716,9,4,19
adaptive_centralized,0.3,838079,14,10,400,2812,0.18847795163584638,1.325,19.52909767497618,36.50539749084791,266.0,0.3341708542713568,88,0.0,0,6,0
adaptive_centralized,0.3,330562,14,10,400,2845,0.6442882249560633,4.5825,20.54721994181919,40.08693736475615,266.0,0.12672701286326823,64,0.3114754098360656,3,6,1
adaptive_centralized,0.3,19515,14,10,400,2758,0.5387962291515591,3.715,13.550115710176621,26.065386638331994,266.0,0.15182648401826485,84,3.9390243902439024,1,6,2
adaptive_centralized,0.3,311903,14,10,400,2757,0.5252085600290171,3.62,21.82022078948241,38.054573447426876,266.0,0.15519253208868145,91,1.3614457831325302,8,6,3
adaptive_centralized,0.3,153543,14,10,400,2730,0.6256410256410256,4.27,22.770511240412652,43.39105421033926,266.0,0.1347517730496454,70,3.1159420289855073,1,6,4
adaptive_centralized,0.3,644433,14,10,400,2716,0.6255522827687776,4.2475,22.03411874940104,42.53629583252449,266.0,0.13536895674300253,79,2.1176470588235294,11,6,5
adaptive_centralized,0.3,876287,14,10,400,2829,0.392011311417462,2.7725,18.568036491784206,33.74909870054547,266.0,0.19345454545454546,73,8.616438356164384,0,6,6
adaptive_centralized,0.3,702113,14,10,400,2801,0.47697250981792216,3.34,24.697572196414832,54.46138484367272,266.0,0.16604244694132334,87,0.37209302325581395,0,6,7
adaptive_centralized,0.3,431654,14,10,400,2857,0.7196359817990899,5.14,31.382936791420484,55.736419126930315,266.0,0.11455641688199827,87,2.9876543209876543,6,6,8
adaptive_centralized,0.3,909879,14,10,400,2848,0.6021769662921348,4.2875,18.73527145098058,41.152914452500625,266.0,0.13427561837455831,90,3.3181818181818183,2,6,9
adaptive_centralized,0.3,599085,14,10,400,2865,0.2788830715532286,1.9975,22.822986409851907,44.18259716746824,266.0,0.24976525821596243,86,4.0813953488372094,0,6,10
adaptive_centralized,0.3,624532,14,10,400,2777,0.5261073100468131,3.6525,26.036469982210214,50.52400749178647,266.0,0.15402431962941518,89,1.896551724137931,2,6,11
adaptive_centralized,0.3,915285,14,10,400,2816,0.4630681818181818,3.26,26.323801901061064,50.34758728398726,266.0,0.16942675159235668,90,0.3146067415730337,1,6,12
adaptive_centralized,0.3,183014,14,10,400,2719,0.6767193821257815,4.6,29.556757241902677,51.12624253075391,266.0,0.12630579297245964,83,0.6626506024096386,0,6,13
adaptive_centralized,0.3,217872,14,10,400,2702,0.652479644707624,4.4075,21.07170192086339,38.41171648618213,266.0,0.1310990635781173,88,1.6436781609195403,0,6,14
adaptive_centralized,0.3,198554,14,10,400,2936,0.29768392370572205,2.185,22.005732832094992,46.29271188726547,266.0,0.23333333333333334,99,4.1020408163265305,0,6,15
adaptive_centralized,0.3,684424,14,10,400,2802,0.1902212705210564,1.3325,22.866942592114,40.913777663099566,266.0,0.33291614518147683,102,1.9504950495049505,0,6,16
adaptive_centralized,0.3,167572,14,10,400,2750,0.43272727272727274,2.975,17.93187447298549,35.61749927042306,266.0,0.18269230769230768,89,3.1927710843373496,6,6,17
adaptive_centralized,0.3,794106,14,10,400,2778,0.5727141828653708,3.9775,29.805281148517995,54.68648076971418,266.0,0.14324178782983307,94,0.6808510638297872,0,6,18
adaptive_centralized,0.3,47331,14,10,400,2820,0.6145390070921986,4.3325,16.908440935460415,30.938103492309683,266.0,0.1330665332666333,91,0.4,0,6,19
adaptive_centralized,0.3,719530,14,10,400,2615,0.2680688336520076,1.7525,22.422573711601185,44.97042316980708,266.0,0.2750775594622544,90,4.091954022988506,3,8,0
adaptive_centralized,0.3,524110,14,10,400,2796,0.5793991416309013,4.05,30.711884286916636,57.82712426324993,266.0,0.14103923647932132,84,1.855421686746988,0,8,1
adaptive_centralized,0.3,806536,14,10,400,2926,0.10799726589200273,0.79,16.41689367116775,31.354959283064183,266.0,0.4570446735395189,88,4.178571428571429,4,8,2
adaptive_centralized,0.3,132639,14,10,400,2830,0.6381625441696113,4.515,27.580254805946755,56.01448631800917,266.0,0.12837837837837837,91,2.4022988505747125,4,8,3
adaptive_centralized,0.3,925972,14,10,400,2831,0.5796538325679972,4.1025,25.728402860217237,44.82167722657415,266.0,0.13948610382800208,96,2.5157894736842104,0,8,4
adaptive_centralized,0.3,18321,14,10,400,2845,0.6151142355008787,4.375,20.529488835645722,36.6649472771452,266.0,0.13194444444444445,94,2.1702127659574466,0,8,5
adaptive_centralized,0.3,434225,14,10,400,2816,0.2766335227272727,1.9475,20.47204668102494,41.053040496062806,266.0,0.2545454545454545,97,2.090909090909091,9,8,6
adaptive_centralized,0.3,194270,14,10,400,2821,0.5047855370436015,3.56,21.415559164799884,39.51654299672411,266.0,0.15739644970414202,83,1.4878048780487805,0,8,7
adaptive_centralized,0.3,875267,14,10,400,2811,0.08715759516186411,0.6125,16.964879578431628,46.3445237824063,266.0,0.5205479452054794,110,1.0,0,8,8
adaptive_centralized,0.3,73067,14,10,400,2777,0.4897371263953907,3.4,18.42946270929871,38.93192535133316,266.0,0.16359163591635917,91,3.1538461538461537,0,8,9
adaptive_centralized,0.3,344665,14,10,400,2797,0.3096174472649267,2.165,23.361707879723667,42.66927706800735,266.0,0.23498233215547704,96,3.4791666666666665,0,8,10
adaptive_centralized,0.3,263124,14,10,400,2721,0.28114663726571115,1.9125,18.34710339965222,40.02307467646886,266.0,0.2580019398642095,79,2.3815789473684212,3,8,11
adaptive_centralized,0.3,638590,14,10,400,2865,0.06980802792321117,0.5,17.735172821270613,36.3199854039668,266.0,0.5708154506437768,83,1.7228915662650603,0,8,12
adaptive_centralized,0.3,366859,14,10,400,2841,0.2988384371700106,2.1225,31.43252434114287,53.74155368797214,266.0,0.23856502242152466,80,7.144736842105263,4,8,13
adaptive_centralized,0.3,940364,14,10,400,2845,0.3430579964850615,2.44,17.107071757717076,30.76061628776895,266.0,0.214170692431562,83,0.35365853658536583,0,8,14
adaptive_centralized,0.3,228714,14,10,400,2882,0.5832755031228314,4.2025,30.45744858531349,65.61375174201517,266.0,0.13662044170518747,96,4.260416666666667,0,8,15
adaptive_centralized,0.3,521070,14,10,400,2854,0.1702873160476524,1.215,29.880725436683175,73.40612089825288,266.0,0.3537234042553192,91,7.094117647058823,6,8,16
adaptive_centralized,0.3,346466,14,10,400,2681,0.28720626631853785,1.925,18.530717852349042,35.810850407372754,266.0,0.25675675675675674,95,2.2903225806451615,2,8,17
adaptive_centralized,0.3,909082,14,10,400,2829,0.2764227642276423,1.955,25.74875297681606,59.27924240294321,266.0,0.2538167938931298,101,5.303030303030303,2,8,18
adaptive_centralized,0.3,715362,14,10,400,2700,0.18185185185185185,1.2275,28.41851896901691,59.34536359067683,266.0,0.3513870541611625,113,11.616822429906541,6,8,19
adaptive_centralized,0.3,726505,14,10,400,2825,0.464424778761062,3.28,20.875533227481007,46.51593478996064,266.0,0.16856780735107732,91,5.0,6,10,0
adaptive_centralized,0.3,355395,14,10,400,2736,0.5116959064327485,3.5,21.670361541760677,39.71568714062381,266.0,0.15966386554621848,99,3.763440860215054,6,10,1
adaptive_centralized,0.3,368640,14,10,400,2738,0.3140978816654492,2.15,19.4766979783283,36.92694100285436,266.0,0.23623445825932504,108,4.546296296296297,0,10,2
adaptive_centralized,0.3,484280,14,10,400,2775,0.4212612612612613,2.9225,18.113345660764917,38.483026380487345,266.0,0.18536585365853658,97,5.244186046511628,10,10,3
adaptive_centralized,0.3,590137,14,10,400,2766,0.21836587129428778,1.51,29.412131155798264,64.93088543609555,266.0,0.3057471264367816,107,5.1415094339622645,0,10,4
adaptive_centralized,0.3,624195,14,10,400,2845,0.5114235500878734,3.6375,26.487425217497663,50.44985117216963,266.0,0.1545613015688553,84,0.8734177215189873,5,10,5
adaptive_centralized,0.3,973042,14,10,400,2840,0.4640845070422535,3.295,19.66352556270114,36.980878298065164,266.0,0.16792929292929293,93,0.8651685393258427,4,10,6
adaptive_centralized,0.3,810593,14,10,400,2798,0.28984989278055756,2.0275,18.739030014538542,36.49707494043334,266.0,0.24698235840297122,90,4.2,0,10,7
adaptive_centralized,0.3,854993,14,10,400,2886,0.167013167013167,1.205,16.699803530727305,30.722559594725666,266.0,0.35561497326203206,97,3.96875,1,10,8
adaptive_centralized,0.3,237213,14,10,400,2815,0.5655417406749556,3.98,31.77350782919518,59.15128233922949,266.0,0.14316469321851452,88,3.607142857142857,4,10,9
adaptive_centralized,0.3,200598,14,10,400,2771,0.569830386142187,3.9475,21.49970802973423,41.724595978635804,266.0,0.14417344173441735,95,1.9042553191489362,0,10,10
adaptive_centralized,0.3,258270,14,10,400,2837,0.5022911526260134,3.5625,27.720953119620344,50.66449404445286,266.0,0.15730337078651685,68,3.373134328358209,0,10,11
adaptive_centralized,0.3,40898,14,10,400,2807,0.30352689704310654,2.13,15.475970276222082,29.72534374290168,266.0,0.23792486583184258,91,4.752808988764045,2,10,12
adaptive_centralized,0.3,988431,14,10,400,2824,0.24575070821529746,1.735,24.942748836466954,46.82988372104016,266.0,0.27708333333333335,104,3.257425742574257,3,10,13
adaptive_centralized,0.3,895330,14,10,400,2766,0.4884309472161967,3.3775,27.12312797495984,54.61166783585552,266.0,0.1645021645021645,102,2.52,1,10,14
adaptive_centralized,0.3,69511,14,10,400,2767,0.7094325984821106,4.9075,23.043287592742058,45.45791129199606,266.0,0.11933602512337371,77,2.4025974025974026,0,10,15
adaptive_centralized,0.3,967443,14,10,400,2868,0.6823570432357043,4.8925,21.098254472238555,40.67488409851835,266.0,0.11965811965811966,79,0.618421052631579,3,10,16
adaptive_centralized,0.3,26813,14,10,400,2819,0.6821567931890742,4.8075,16.83408195672695,30.751485315848672,266.0,0.12151667428049337,96,1.4791666666666667,0,10,17
adaptive_centralized,0.3,194898,14,10,400,2793,0.7418546365914787,5.18,24.95193159775207,47.39939429718529,266.0,0.11377245508982035,73,1.3150684931506849,0,10,18
adaptive_centralized,0.3,15371,14,10,400,2892,0.2769709543568465,2.0025,22.736140166124912,44.1929682312695,266.0,0.2492970946579194,102,6.424242424242424,3,10,19
adaptive_centralized,0.3,323055,14,10,400,2781,0.732470334412082,5.0925,23.190658551003768,39.93395274665703,266.0,0.11550151975683891,70,0.14285714285714285,0,15,0
adaptive_centralized,0.3,452901,14,10,400,2815,0.5452930728241563,3.8375,27.85976845214261,53.24671783551275,266.0,0.14769572459744587,85,5.411764705882353,0,15,1
adaptive_centralized,0.3,232161,14,10,400,2823,0.41764080765143463,2.9475,34.42179298293687,56.30230309275253,266.0,0.18408304498269895,93,7.75,1,15,2
adaptive_centralized,0.3,389863,14,10,400,2940,0.5190476190476191,3.815,29.919815822895455,57.93027393764208,266.0,0.1484375,91,2.2111111111111112,1,15,3
adaptive_centralized,0.3,905924,14,10,400,2820,0.6315602836879433,4.4525,25.74135121096502,55.13893079165412,266.0,0.12994626282364435,98,2.9591836734693877,0,15,4
adaptive_centralized,0.3,967158,14,10,400,2868,0.33298465829846585,2.3875,21.884351269769542,40.09116179231874,266.0,0.21785421785421785,99,2.5531914893617023,5,15,5
adaptive_centralized,0.3,407459,14,10,400,2798,0.14152966404574696,0.99,17.559351780781917,39.90354843712401,266.0,0.40181268882175225,97,8.422680412371134,0,15,6
adaptive_centralized,0.3,881909,14,10,400,2859,0.5026232948583421,3.5925,22.27033979262233,49.17925220967676,266.0,0.15619495008807985,87,4.0344827586206895,0,15,7
adaptive_centralized,0.3,51482,14,10,400,2770,0.467870036101083,3.24,17.669950212293912,32.37920876295298,266.0,0.1702944942381562,97,0.9381443298969072,0,15,8
adaptive_centralized,0.3,246937,14,10,400,2783,0.31728350700682717,2.2075,18.082940174008822,38.66917541762475,266.0,0.23150565709312446,93,2.8181818181818183,4,15,9
adaptive_centralized,0.3,670072,14,10,400,2824,0.2659348441926346,1.8775,21.029993346265513,37.36997793546659,266.0,0.2615535889872173,80,2.857142857142857,0,15,10
adaptive_centralized,0.3,181308,14,10,400,2799,0.6141479099678456,4.2975,25.71449719418377,49.023898426303056,266.0,0.1340050377833753,89,0.8941176470588236,4,15,11
adaptive_centralized,0.3,587359,14,10,400,2824,0.5771954674220963,4.075,31.43941596587511,62.28988848701251,266.0,0.14029535864978904,89,2.102272727272727,1,15,12
adaptive_centralized,0.3,66349,14,10,400,2809,0.5728017087931648,4.0225,17.327017973801528,31.975799556659016,266.0,0.14186666666666667,81,2.802469135802469,0,15,13
adaptive_centralized,0.3,614429,14,10,400,2823,0.7477860432164364,5.2775,26.859222843719664,54.059028670029186,266.0,0.11190576356752209,86,3.8488372093023258,0,15,14
adaptive_centralized,0.3,550858,14,10,400,2808,0.5398860398860399,3.79,24.157727458265704,45.85732415038596,266.0,0.14927048260381592,85,3.4235294117647057,0,15,15
adaptive_centralized,0.3,434499,14,10,400,2913,0.709577754891864,5.1675,22.967768749820014,40.63500238345908,266.0,0.11401628804114873,88,1.9540229885057472,0,15,16
adaptive_centralized,0.3,118296,14,10,400,2759,0.4034070315331642,2.7825,29.1515181879335,75.92449695524934,266.0,0.19289340101522842,103,4.614583333333333,6,15,17
adaptive_centralized,0.3,501868,14,10,400,2782,0.15456506110711718,1.075,19.312316341807477,43.435374801380824,266.0,0.382183908045977,95,3.1914893617021276,0,15,18
adaptive_centralized,0.3,888440,14,10,400,2739,0.43373493975903615,2.97,16.932927605735248,34.826686385620505,266.0,0.1829436038514443,98,1.5483870967741935,5,15,19
adaptive_centralized,0.3,470998,14,10,400,2889,0.3890619591554171,2.81,20.922947459595292,34.81341124354757,266.0,0.19136690647482013,71,3.869565217391304,1,25,0
adaptive_centralized,0.3,8851,14,10,400,2745,0.7697632058287796,5.2825,26.218757568917056,45.75279218494467,266.0,0.11181168558217738,78,0.01282051282051282,0,25,1
adaptive_centralized,0.3,611404,14,10,400,2791,0.6897169473307059,4.8125,29.102232969202383,55.052085049628076,266.0,0.12140575079872204,90,3.7888888888888888,0,25,2
adaptive_centralized,0.3,210951,14,10,400,2838,0.4679351656095842,3.32,26.574182084375053,48.50508553799806,266.0,0.1668757841907152,92,3.534090909090909,4,25,3
adaptive_centralized,0.3,757451,14,10,400,2786,0.4852835606604451,3.38,19.056309794189644,37.00961621890151,266.0,0.16440049443757726,102,1.1789473684210525,7,25,4
adaptive_centralized,0.3,81621,14,10,400,2858,0.2046885934219734,1.4625,25.28348957597836,57.45103449754851,266.0,0.3125734430082256,98,8.302083333333334,1,25,5
adaptive_centralized,0.3,680434,14,10,400,2929,0.796176169341072,5.83,24.633308306154195,45.70563301305095,266.0,0.10238645111624327,86,0.9240506329113924,7,25,6
adaptive_centralized,0.3,461493,14,10,400,2781,0.5217547644732111,3.6275,20.036285437992046,39.05487672206533,266.0,0.15492137449039023,82,15.621621621621621,7,25,7
adaptive_centralized,0.3,937028,14,10,400,2769,0.444564824846515,3.0775,17.324111098130796,33.4027651258013,266.0,0.17768871075484302,90,2.7666666666666666,0,25,8
adaptive_centralized,0.3,560267,14,10,400,2831,0.3850229600847757,2.725,20.573436815542696,47.33300303923383,266.0,0.19616519174041297,87,16.453488372093023,1,25,9
adaptive_centralized,0.3,517800,14,10,400,2850,0.49543859649122807,3.53,19.575105105074265,39.77829434783465,266.0,0.15852205005959474,108,2.06,8,25,10
adaptive_centralized,0.3,785010,14,10,400,2935,0.5764906303236798,4.23,18.17801953568246,35.22648665193244,266.0,0.13585291113381,79,1.1265822784810127,0,25,11
adaptive_centralized,0.3,670071,14,10,400,2807,0.596722479515497,4.1875,33.02190693839221,72.60394253497378,266.0,0.13704276146316333,85,4.1647058823529415,0,25,12
adaptive_centralized,0.3,642525,14,10,400,2845,0.4959578207381371,3.5275,18.96213101417661,35.78802626226983,266.0,0.15861657722122838,88,2.0804597701149423,0,25,13
adaptive_centralized,0.3,480626,14,10,400,2775,0.3924324324324324,2.7225,23.781665747302966,46.08645377805638,266.0,0.196309963099631,92,2.8369565217391304,0,25,14
adaptive_centralized,0.3,834539,14,10,400,2886,0.3665973665973666,2.645,14.00653108363287,28.758171846826336,266.0,0.20090634441087613,82,3.768292682926829,0,25,15
adaptive_centralized,0.3,332323,14,10,400,2828,0.7383309759547383,5.22,19.840398018409537,35.838719628813024,266.0,0.11299915038232795,92,2.067415730337079,2,25,16
adaptive_centralized,0.3,539723,14,10,400,2859,0.5673312346974466,4.055,17.411352128152508,31.354726448045533,266.0,0.1408898305084746,78,1.6794871794871795,0,25,17
adaptive_centralized,0.3,251500,14,10,400,2778,0.5291576673866091,3.675,22.522027710290562,40.67705639663765,266.0,0.1532258064516129,90,0.6666666666666666,3,25,18
adaptive_centralized,0.3,459610,14,10,400,2856,0.38305322128851543,2.735,24.67241873217598,50.06758179618824,266.0,0.19558823529411765,103,2.3106796116504853,0,25,19
antsql,0.2,115302,14,10,400,2865,0.3633507853403141,2.6025,13.980399397578944,31.458797878880787,729.0,0.411864406779661,61,4.101694915254237,2,4,0
antsql,0.2,628456,14,10,400,2807,0.5375846099038118,3.7725,16.493839866950985,32.304181112832396,755.0,0.3334805653710247,59,0.0,0,4,1
antsql,0.2,30117,14,10,400,2785,0.38420107719928187,2.675,22.823431644462246,45.22740715353052,645.0,0.3760932944606414,52,1.22,1,4,2
antsql,0.2,287908,14,10,400,2754,0.22948438634713145,1.58,16.966947966632574,33.61093022749188,511.0,0.44706911636045493,68,2.0634920634920637,5,4,3
antsql,0.2,764017,14,10,400,2745,0.5577413479052823,3.8275,17.38286869039447,32.33759055291205,699.0,0.3134529147982063,57,3.272727272727273,2,4,4
antsql,0.2,689331,14,10,400,2864,0.5635474860335196,4.035,24.059431109545898,49.328796742769036,876.0,0.35180722891566263,69,0.463768115942029,0,4,5
antsql,0.2,519986,14,10,400,2754,0.3888888888888889,2.6775,19.150645660179148,43.19324150399645,644.0,0.37551020408163266,56,3.892857142857143,0,4,6
antsql,0.2,422229,14,10,400,2831,0.45708230307311903,3.235,18.516431289070084,36.577564529207656,581.0,0.3098666666666667,56,1.8214285714285714,0,4,7
antsql,0.2,18223,14,10,400,2761,0.49692140528793916,3.43,17.19599698024699,35.851855495780924,711.0,0.34133461353816613,66,1.0151515151515151,0,4,8
antsql,0.2,379322,14,10,400,2816,0.48579545454545453,3.42,22.791508550830336,44.136838941751215,652.0,0.3227722772277228,56,0.07272727272727272,1,4,9
antsql,0.2,836697,14,10,400,2771,0.43630458318296644,3.0225,22.61027930055459,54.46390540563369,683.0,0.3609936575052854,70,1.3148148148148149,16,4,10
antsql,0.2,302416,14,10,400,2802,0.5517487508922199,3.865,22.305377014659644,44.670699963871705,901.0,0.3682059664895791,49,0.5510204081632653,0,4,11
antsql,0.2,229528,14,10,400,2706,0.5794530672579453,3.92,26.678333871436966,49.79740935558606,854.0,0.35260115606936415,68,1.088235294117647,0,4,12
antsql,0.2,18222,14,10,400,2774,0.32552271088680607,2.2575,14.86342221370681,31.514623039988024,692.0,0.43385579937304075,66,2.1538461538461537,1,4,13
antsql,0.2,653485,14,10,400,2901,0.4512237159600138,3.2725,13.827964802912037,28.698896935703154,652.0,0.3324834268230495,55,1.9636363636363636,0,4,14
antsql,0.2,753187,14,10,400,2793,0.43000358037952024,3.0025,25.625991453003547,54.589862564210904,656.0,0.35325794291868606,57,2.4285714285714284,1,4,15
antsql,0.2,794977,14,10,400,2830,0.6438162544169611,4.555,20.36316830080758,37.898652511892514,693.0,0.2755467196819085,61,0.6721311475409836,0,4,16
antsql,0.2,203882,14,10,400,2704,0.35428994082840237,2.395,25.842926305612362,68.69129241717654,424.0,0.3068017366136035,62,3.532258064516129,0,4,17
antsql,0.2,46213,14,10,400,2794,0.5236220472440944,3.6575,19.97088592989861,38.273378284261035,690.0,0.3204830469112866,49,2.020408163265306,0,4,18
antsql,0.2,49819,14,10,400,2744,0.5590379008746356,3.835,20.238031798497115,36.87403379159379,803.0,0.34360290971330765,54,0.9074074074074074,0,4,19
antsql,0.2,257911,14,10,400,2725,0.6040366972477064,4.115,23.910871604446342,48.48088895620231,643.0,0.2809086937527305,51,0.5333333333333333,6,6,0
antsql,0.2,387015,14,10,400,2775,0.7077477477477477,4.91,21.64044527423084,42.17266314981071,677.0,0.2563422945853843,46,1.5365853658536586,4,6,1
antsql,0.2,471694,14,10,400,2846,0.44869992972593115,3.1925,28.82267973631822,57.18774517200151,543.0,0.29835164835164835,65,7.107692307692307,0,6,2
antsql,0.2,473286,14,10,400,2790,0.6634408602150538,4.6275,22.122400616701277,41.24580126948674,708.0,0.27667057444314186,46,5.380952380952381,4,6,3
antsql,0.2,40504,14,10,400,2729,0.6115793330890436,4.1725,26.515602230607726,55.1523238266759,756.0,0.3117525773195876,63,2.5238095238095237,0,6,4
antsql,0.2,449452,14,10,400,2755,0.3560798548094374,2.4525,23.93133478486854,44.85231273064448,457.0,0.31780250347705147,67,2.625,3,6,5
antsql,0.2,757180,14,10,400,2807,0.6088350552190951,4.2725,31.482079782330047,61.33050060305341,922.0,0.3504370961611555,55,3.1636363636363636,0,6,6
antsql,0.2,875467,14,10,400,2754,0.7084241103848947,4.8775,26.412161562806602,51.092674904185856,716.0,0.26846644169478817,53,0.20754716981132076,0,6,7
antsql,0.2,464474,14,10,400,2792,0.4788681948424069,3.3425,34.881387899571656,68.50942929125215,642.0,0.32440626579080345,74,9.043478260869565,4,6,8
antsql,0.2,512915,14,10,400,2806,0.42266571632216676,2.965,24.370787393688552,49.0583008442798,432.0,0.2669962917181706,62,4.033333333333333,1,6,9
antsql,0.2,798588,14,10,400,2898,0.49654934437543136,3.5975,34.99188347125458,69.62424627839097,609.0,0.29736328125,64,0.42857142857142855,1,6,10
antsql,0.2,221667,14,10,400,2726,0.7083639031548056,4.8275,21.880624517460397,42.578029724862496,695.0,0.2646610814927647,50,2.94,0,6,11
antsql,0.2,802002,14,10,400,2881,0.3262755987504339,2.35,23.08336956690197,46.643951673104006,390.0,0.2932330827067669,64,4.650793650793651,1,6,12
antsql,0.2,863972,14,10,400,2778,0.2818574514038877,1.9575,22.960703478579358,47.34842644131804,578.0,0.42468772961058043,55,3.290909090909091,0,6,13
antsql,0.2,253424,14,10,400,2823,0.6216790648246546,4.3875,34.77761411422816,70.32788970022463,791.0,0.31068342498036133,57,1.4464285714285714,0,6,14
antsql,0.2,469137,14,10,400,2865,0.48097731239092495,3.445,19.364365447438193,43.20059132241964,536.0,0.2800417972831766,63,6.857142857142857,0,6,15
antsql,0.2,902268,14,10,400,2881,0.5185699409927108,3.735,31.803153735019606,64.2497735582973,655.0,0.30479292694276405,66,1.8666666666666667,6,6,16
antsql,0.2,528842,14,10,400,2827,0.43190661478599224,3.0525,23.792856500555523,50.352586493912945,517.0,0.2974683544303797,67,1.296875,3,6,17
antsql,0.2,760105,14,10,400,2805,0.6381461675579323,4.475,32.89276902594408,65.46132554076507,795.0,0.30754352030947774,56,1.7636363636363637,1,6,18
antsql,0.2,757661,14,10,400,2746,0.5772032046613256,3.9625,29.098016617600717,56.20085194368218,950.0,0.3747534516765286,65,0.46153846153846156,0,6,19
antsql,0.2,563301,14,10,400,2737,0.4307636097917428,2.9475,27.303722492750392,62.481644339021344,565.0,0.32396788990825687,71,5.450704225352113,0,8,0
antsql,0.2,244943,14,10,400,2816,0.49076704545454547,3.455,29.977005226692576,61.70584082745738,520.0,0.2733964248159832,57,0.19298245614035087,0,8,1
antsql,0.2,807319,14,10,400,2829,0.5945563803464121,4.205,24.810140397307784,53.12503458832312,692.0,0.2914911541701769,61,0.01694915254237288,2,8,2
antsql,0.2,776526,14,10,400,2803,0.21584017124509455,1.5125,19.568102429385743,51.78978797474893,273.0,0.3109339407744875,59,4.338983050847458,0,8,3
antsql,0.2,840070,14,10,400,2721,0.3498713708195516,2.38,22.443345367294178,47.0807949484476,486.0,0.3379694019471488,64,1.203125,0,8,4
antsql,0.2,58043,14,10,400,2758,0.09680928208846991,0.6675,15.386632290179103,35.21838334029991,233.0,0.466,64,1.78125,0,8,5
antsql,0.2,549097,14,10,400,2738,0.7016070124178232,4.8025,38.72456776096321,79.17589416095254,795.0,0.2927098674521355,52,1.3725490196078431,1,8,6
antsql,0.2,281718,14,10,400,2815,0.6,4.2225,34.06335300204966,75.84569203871544,750.0,0.3075030750307503,64,0.639344262295082,3,8,7
antsql,0.2,45024,14,10,400,2833,0.706671373102718,5.005,31.263002308873304,67.23743703692179,963.0,0.3247892074198988,52,0.0196078431372549,1,8,8
antsql,0.2,397902,14,10,400,2803,0.4109882268997503,2.88,42.36435016692402,89.77872448896005,451.0,0.28134747348721145,71,4.117647058823529,2,8,9
antsql,0.2,556044,14,10,400,2778,0.6483081353491721,4.5025,31.687908233119998,62.49691612467952,746.0,0.292893600314095,69,0.5942028985507246,0,8,10
antsql,0.2,537833,14,10,400,2795,0.5674418604651162,3.965,19.57170202893783,41.076167560993426,618.0,0.28039927404718695,68,4.373134328358209,0,8,11
antsql,0.2,31046,14,10,400,2717,0.7419948472580051,5.04,34.17252356177333,66.85944798594467,710.0,0.260454878943507,65,1.5076923076923077,0,8,12
antsql,0.2,318401,14,10,400,2817,0.6865459708910188,4.835,23.23167037211416,50.927851356670985,911.0,0.3202108963093146,64,0.015873015873015872,1,8,13
antsql,0.2,829285,14,10,400,2838,0.32804792107117686,2.3275,28.400867175594502,61.22177664128604,392.0,0.2962962962962963,68,0.7457627118644068,8,8,14
antsql,0.2,213796,14,10,400,2751,0.11195928753180662,0.77,19.866160001796793,44.52681784325235,166.0,0.350210970464135,68,1.0588235294117647,0,8,15
antsql,0.2,855096,14,10,400,2770,0.5072202166064982,3.5125,25.315923666161805,54.24338011502353,559.0,0.2846232179226069,53,2.7358490566037736,0,8,16
antsql,0.2,999222,14,10,400,2840,0.6239436619718309,4.43,28.475029421419322,58.32284248864909,762.0,0.3007103393843725,59,0.7068965517241379,1,8,17
antsql,0.2,819623,14,10,400,2743,0.6580386438206344,4.5125,29.991759871269227,66.55928696540761,721.0,0.2854315122723674,49,0.48936170212765956,2,8,18
antsql,0.2,374661,14,10,400,2768,0.4309971098265896,2.9825,20.80518468345873,40.80478414069421,581.0,0.3275084554678692,67,2.671641791044776,0,8,19
antsql,0.2,972916,14,10,400,2810,0.37224199288256227,2.615,24.48916128460307,52.70458235100898,604.0,0.3660606060606061,60,1.35,0,10,0
antsql,0.2,198029,14,10,400,2825,0.703716814159292,4.97,26.144701626836618,56.681938430763495,845.0,0.2982703847511472,65,11.984615384615385,0,10,1
antsql,0.2,290723,14,10,400,2850,0.5712280701754386,4.07,26.66036086032084,51.76393587493739,593.0,0.2669968482665466,57,2.618181818181818,1,10,2
antsql,0.2,118279,14,10,400,2817,0.8963436279730209,6.3125,33.83278518283875,69.33140832189062,1081.0,0.2997781475318913,60,1.2372881355932204,0,10,3
antsql,0.2,517848,14,10,400,2670,0.2861423220973783,1.91,29.994304740807348,70.60699765763168,473.0,0.38237671786580435,83,1.0963855421686748,0,10,4
antsql,0.2,874007,14,10,400,2702,0.5758697261287935,3.89,29.683985621204656,66.8109580701019,661.0,0.29815065403698693,48,2.75,0,10,5
antsql,0.2,301574,14,10,400,2900,0.6103448275862069,4.425,40.870975969783586,83.34824405195741,752.0,0.29817605075337034,66,0.25757575757575757,0,10,6
antsql,0.2,531932,14,10,400,2799,0.5652018578063595,3.955,35.157368336124144,74.29706777117782,642.0,0.2886690647482014,60,2.283333333333333,0,10,7
antsql,0.2,141079,14,10,400,2789,0.7350304768734314,5.125,35.740351429642885,73.89994082848922,765.0,0.27175843694493784,52,1.44,1,10,8
antsql,0.2,278125,14,10,400,2750,0.6421818181818182,4.415,32.09969690338641,66.2479650391427,913.0,0.3407988055244494,60,1.5666666666666667,0,10,9
antsql,0.2,236751,14,10,400,2877,0.6531108793882516,4.6975,41.75433478139867,88.13664963837452,837.0,0.3081737849779087,67,1.507462686567164,0,10,10
antsql,0.2,472310,14,10,400,2828,0.8306223479490806,5.8725,36.92557353239919,76.13604821536273,739.0,0.23931347150259066,61,0.04918032786885246,0,10,11
antsql,0.2,260018,14,10,400,2811,0.5659907506225542,3.9775,34.37858857331665,71.46365121251927,716.0,0.3103597745990464,65,0.8225806451612904,3,10,12
antsql,0.2,529882,14,10,400,2763,0.33659066232356133,2.325,29.5014025503054,58.822591272822,524.0,0.3603851444291609,71,3.732394366197183,0,10,13
antsql,0.2,734292,14,10,400,2786,0.334529791816224,2.33,31.844145846390983,68.57077281119307,395.0,0.29766390354182365,65,1.7258064516129032,2,10,14
antsql,0.2,182928,14,10,400,2830,0.41908127208480567,2.965,28.21715753007871,60.95732960961485,450.0,0.27506112469437655,57,1.6111111111111112,3,10,15
antsql,0.2,512228,14,10,400,2743,0.26686110098432375,1.83,37.64810402378069,86.52366544702942,316.0,0.3015267175572519,71,2.015151515151515,5,10,16
antsql,0.2,73825,14,10,400,2832,0.4297316384180791,3.0425,35.13333924198771,71.0237011576061,496.0,0.28955049620548745,52,0.14,2,10,17
antsql,0.2,215111,14,10,400,2746,0.4147851420247633,2.8475,36.40897988612265,74.14738721151261,483.0,0.29778051787916154,67,0.38461538461538464,2,10,18
antsql,0.2,686536,14,10,400,2828,0.19519094766619519,1.38,25.67061043124828,59.57033836287494,359.0,0.3940724478594951,63,1.7258064516129032,1,10,19
antsql,0.2,681723,14,10,400,2796,0.6090844062947067,4.2575,36.530042097544744,73.77074763316807,671.0,0.2826453243470935,70,0.5522388059701493,2,15,0
antsql,0.2,668589,14,10,400,2792,0.5232808022922636,3.6525,37.56699456663316,85.49715041466156,584.0,0.2855745721271394,53,0.9387755102040817,4,15,1
antsql,0.2,396272,14,10,400,2831,0.40162486753797244,2.8425,35.563651493180686,79.01930803499732,470.0,0.2924704418170504,56,3.0185185185185186,2,15,2
antsql,0.2,576530,14,10,400,2774,0.7743330930064888,5.37,26.958558531753965,57.857171601008744,841.0,0.2813650050184008,47,2.872340425531915,0,15,3
antsql,0.2,952082,14,10,400,2777,0.7925819229384228,5.5025,74.5766040868693,160.53467099272936,775.0,0.2604166666666667,67,2.515151515151515,1,15,4
antsql,0.2,475303,14,10,400,2775,0.601081081081081,4.17,27.811704035944505,59.5051262689846,765.0,0.31442663378545005,63,2.0161290322580645,1,15,5
antsql,0.2,862872,14,10,400,2882,0.16308119361554477,1.175,25.97884143273562,67.77279634072173,200.0,0.29850746268656714,69,0.07575757575757576,2,15,6
antsql,0.2,164184,14,10,400,2816,0.13742897727272727,0.9675,26.165074908615033,69.95341171512639,240.0,0.3827751196172249,67,2.0,0,15,7
antsql,0.2,920555,14,10,400,2727,0.7704437110377704,5.2525,41.538247027388394,89.83589165453651,873.0,0.2935440484196368,71,0.6338028169014085,0,15,8
antsql,0.2,476877,14,10,400,2896,0.43922651933701656,3.18,32.73980520002015,75.17326333706049,439.0,0.2565751022793688,60,1.6333333333333333,0,15,9
antsql,0.2,410012,14,10,400,2813,0.7230714539637397,5.085,28.680125803465362,66.72542375504365,761.0,0.2722719141323792,52,3.8461538461538463,0,15,10
antsql,0.2,766014,14,10,400,2754,0.3794480755265069,2.6125,29.60682096621983,76.44170160223129,462.0,0.30656934306569344,62,3.830508474576271,2,15,11
antsql,0.2,55386,14,10,400,2771,0.5138939011187297,3.56,43.399528344471776,96.60918142901754,584.0,0.2908366533864542,61,1.087719298245614,3,15,12
antsql,0.2,630722,14,10,400,2742,0.6487964989059081,4.4475,32.640798197692554,70.4906466900776,715.0,0.2866880513231756,58,1.75,1,15,13
antsql,0.2,374040,14,10,400,2787,0.6386795837818443,4.45,39.52529552152687,87.28993692488436,698.0,0.28167877320419693,59,1.293103448275862,1,15,14
antsql,0.2,530988,14,10,400,2773,0.5809592499098449,4.0275,26.914841060140045,58.64035331713809,646.0,0.2862206468763846,64,0.453125,0,15,15
antsql,0.2,298669,14,10,400,2703,0.5952645209027007,4.0225,34.80737514150951,75.2142229368152,566.0,0.26022988505747124,66,0.696969696969697,0,15,16
antsql,0.2,680753,14,10,400,2789,0.3140910720688419,2.19,42.43037050138068,98.4262140369402,435.0,0.3318077803203661,80,7.366197183098592,9,15,17
antsql,0.2,296515,14,10,400,2789,0.22517031193976336,1.57,27.971929215946165,63.61699403526645,232.0,0.26976744186046514,66,0.0,0,15,18
antsql,0.2,929153,14,10,400,2702,0.49777942264988895,3.3625,30.249420938658737,69.29269330468644,585.0,0.30310880829015546,69,1.9411764705882353,1,15,19
antsql,0.2,25655,14,10,400,2847,0.39831401475237094,2.835,28.891478951473523,67.87148161442104,378.0,0.25,64,3.53125,0,25,0
antsql,0.2,266554,14,10,400,2696,0.6977002967359051,4.7025,47.239169399412475,95.23105803442508,777.0,0.29232505643340856,56,0.16071428571428573,0,25,1
antsql,0.2,654311,14,10,400,2812,0.36486486486486486,2.565,23.826434691265334,52.29213857033233,530.0,0.34061696658097684,72,4.569444444444445,0,25,2
antsql,0.2,86333,14,10,400,2841,0.2608236536430834,1.8525,28.39405552411576,66.50609078229914,509.0,0.4072,57,1.6415094339622642,3,25,3
antsql,0.2,569163,14,10,400,2875,0.43269565217391304,3.11,33.100762249047136,75.57691164312084,462.0,0.2708089097303634,51,2.1458333333333335,3,25,4
antsql,0.2,776139,14,10,400,2871,0.1717171717171717,1.2325,29.51395901657767,79.59207699584597,292.0,0.3719745222929936,63,6.4603174603174605,0,25,5
antsql,0.2,967818,14,10,400,2802,0.49464668094218417,3.465,36.457403827328065,78.54999541359936,480.0,0.2572347266881029,73,3.6164383561643834,0,25,6
antsql,0.2,695324,14,10,400,2873,0.26592412112774105,1.91,28.332646866631997,60.454761655796325,307.0,0.28664799253034545,55,4.818181818181818,0,25,7
antsql,0.2,305271,14,10,400,2779,0.6045340050377834,4.2,36.20430924596022,78.05503953730158,816.0,0.3269230769230769,60,0.8305084745762712,1,25,8
antsql,0.2,157399,14,10,400,2896,0.7230662983425414,5.235,40.680349566771596,85.55580535386783,761.0,0.26654991243432574,63,0.6129032258064516,1,25,9
antsql,0.2,493048,14,10,400,2803,0.8487334998216197,5.9475,30.085595814691686,63.456503916141635,812.0,0.25446568473832654,42,3.268292682926829,1,25,10
antsql,0.2,423254,14,10,400,2797,0.7844118698605649,5.485,42.26690373693048,85.40265921257216,948.0,0.3017186505410567,52,0.34615384615384615,0,25,11
antsql,0.2,674478,14,10,400,2734,0.6547183613752743,4.475,43.53840986179026,92.83551439493709,563.0,0.23926901827454314,63,0.0967741935483871,0,25,12
antsql,0.2,321923,14,10,400,2802,0.6602426837972877,4.625,35.37582831871316,81.02196666916554,582.0,0.2393092105263158,53,3.2083333333333335,5,25,13
antsql,0.2,72137,14,10,400,2898,0.6680469289164941,4.84,47.768001047128536,98.79329558645244,942.0,0.3273106323835997,50,0.22,0,25,14
antsql,0.2,370501,14,10,400,2842,0.5869106263194933,4.17,40.65515071499677,88.25687700132711,705.0,0.2970922882427307,59,0.7457627118644068,0,25,15
antsql,0.2,340898,14,10,400,2873,0.7814131569787678,5.6125,39.66809350557851,81.38312086902678,797.0,0.26199868507560814,69,2.0579710144927534,0,25,16
antsql,0.2,241213,14,10,400,2790,0.6394265232974911,4.46,24.460135417632177,50.91273281992724,783.0,0.30502532138683286,61,1.3157894736842106,4,25,17
antsql,0.2,304728,14,10,400,2799,0.5423365487674169,3.795,33.74176792582633,77.0519152985494,677.0,0.3084282460136674,58,6.140350877192983,1,25,18
antsql,0.2,193337,14,10,400,2714,0.5600589535740604,3.8,42.299189763380184,94.56622672969667,686.0,0.3109700815956482,55,2.036363636363636,0,25,19
antsql,0.3,927412,14,10,400,2785,0.5745062836624776,4.0,19.34808069777822,35.20996071568269,765.0,0.32346723044397463,92,1.7934782608695652,0,4,0
antsql,0.3,912684,14,10,400,2907,0.3164774681802546,2.3,22.572497855746967,49.25505345393481,469.0,0.33765298776097913,102,1.5918367346938775,4,4,1
antsql,0.3,380791,14,10,400,2820,0.3294326241134752,2.3225,20.59001649656979,41.52420082174179,521.0,0.3593103448275862,105,1.4615384615384615,1,4,2
antsql,0.3,652899,14,10,400,2738,0.32907231555880206,2.2525,19.628936290107166,46.80072333467039,602.0,0.40053226879574183,93,2.6444444444444444,3,4,3
antsql,0.3,272896,14,10,400,2813,0.1741912548880199,1.225,19.946039532104415,40.67090523142445,279.0,0.36280884265279584,86,5.651162790697675,0,4,4
antsql,0.3,396363,14,10,400,2844,0.39767932489451474,2.8275,18.514277651167607,40.320219536534324,901.0,0.4434055118110236,95,1.1935483870967742,2,4,5
antsql,0.3,9868,14,10,400,2804,0.21433666191155493,1.5025,17.553419909007896,35.185815811832214,499.0,0.4536363636363636,92,0.9438202247191011,3,4,6
antsql,0.3,665673,14,10,400,2787,0.147470398277718,1.0275,20.091841299414792,56.65781897393967,329.0,0.4445945945945946,83,4.421686746987952,0,4,7
antsql,0.3,997361,14,10,400,2767,0.47235272858691724,3.2675,21.297189589396734,43.32521025209647,794.0,0.37791527843883865,79,1.620253164556962,0,4,8
antsql,0.3,57428,14,10,400,2815,0.20674955595026642,1.455,17.635832905601276,38.50440055361058,420.0,0.41916167664670656,90,3.977777777777778,0,4,9
antsql,0.3,692025,14,10,400,2833,0.2372043769855277,1.68,21.508737029401026,44.413320191477744,430.0,0.39019963702359345,103,6.009803921568627,1,4,10
antsql,0.3,431603,14,10,400,2771,0.4294478527607362,2.975,19.635045003133264,39.46451223926779,595.0,0.3333333333333333,93,0.43010752688172044,0,4,11
antsql,0.3,357828,14,10,400,2879,0.35533171240013894,2.5575,22.68781862572441,48.9643747738644,723.0,0.41408934707903783,87,1.375,7,4,12
antsql,0.3,483950,14,10,400,2777,0.3118473172488297,2.165,20.592266587898138,42.263870740627425,558.0,0.39185393258426965,88,1.4827586206896552,1,4,13
antsql,0.3,318626,14,10,400,2832,0.4300847457627119,3.045,23.869492116190266,44.641034221264505,683.0,0.3592845870594424,94,4.620689655172414,6,4,14
antsql,0.3,250706,14,10,400,2808,0.25783475783475784,1.81,20.6288742171431,41.32700958311377,466.0,0.3915966386554622,92,2.4069767441860463,6,4,15
antsql,0.3,130434,14,10,400,2835,0.3664902998236332,2.5975,19.31434814595799,40.87932941547383,673.0,0.39310747663551404,96,1.3655913978494623,3,4,16
antsql,0.3,401504,14,10,400,2802,0.4025695931477516,2.82,25.01977616496377,51.97395330855518,807.0,0.4170542635658915,88,2.1625,8,4,17
antsql,0.3,331773,14,10,400,2854,0.3738612473721093,2.6675,15.93044554242002,33.64010075832961,583.0,0.35333333333333333,84,0.8641975308641975,3,4,18
antsql,0.3,566774,14,10,400,2754,0.5689905591866377,3.9175,16.47659970725629,32.64974680805232,992.0,0.38765142633841343,82,0.4878048780487805,0,4,19
antsql,0.3,325817,14,10,400,2806,0.5349251603706343,3.7525,35.80702767098672,61.21118595621417,555.0,0.2699416342412451,89,5.130952380952381,5,6,0
antsql,0.3,773550,14,10,400,2826,0.5997876857749469,4.2375,21.46206258086997,44.062115415761845,893.0,0.34505409582689334,87,1.5632183908045978,0,6,1
antsql,0.3,933045,14,10,400,2746,0.23852876911871815,1.6375,22.14985077498232,44.71896522915814,388.0,0.3720038350910834,96,0.0,0,6,2
antsql,0.3,131683,14,10,400,2737,0.5937157471684326,4.0625,29.755245847399248,57.10226375276355,764.0,0.3197990791125994,74,0.6231884057971014,5,6,3
antsql,0.3,514586,14,10,400,2757,0.48240841494377945,3.325,32.161913689648,66.12317884675319,595.0,0.3090909090909091,87,2.7560975609756095,5,6,4
antsql,0.3,310724,14,10,400,2808,0.4618945868945869,3.2425,27.055594432640305,49.819270155628345,590.0,0.31266560678325384,102,0.9215686274509803,0,6,5
antsql,0.3,311670,14,10,400,2714,0.5232129697862933,3.55,27.57367653997799,57.63672232890598,613.0,0.3015248401377275,81,1.9736842105263157,4,6,6
antsql,0.3,552116,14,10,400,2738,0.44485025566106645,3.045,20.150972980675263,41.93197542869032,685.0,0.3599579611140305,86,2.6506024096385543,2,6,7
antsql,0.3,381095,14,10,400,2830,0.47102473498233216,3.3325,34.792525530163935,69.88146879555543,743.0,0.3578998073217726,91,2.966666666666667,1,6,8
antsql,0.3,867697,14,10,400,2824,0.6129603399433428,4.3275,23.195837808163876,48.33172819888967,784.0,0.3117296222664016,90,0.7865168539325843,0,6,9
antsql,0.3,834356,14,10,400,2862,0.5013976240391335,3.5875,39.54515452813614,82.81130260755634,544.0,0.2748863062152602,94,0.8928571428571429,10,6,10
antsql,0.3,46234,14,10,400,2811,0.680184987548915,4.78,29.201048333391817,62.2922418146802,883.0,0.3159212880143113,83,1.2195121951219512,1,6,11
antsql,0.3,594494,14,10,400,2824,0.6728045325779037,4.75,24.625830184417126,47.13542982743009,791.0,0.2939427722036418,92,2.1739130434782608,0,6,12
antsql,0.3,817027,14,10,400,2863,0.5015717778553964,3.59,29.971018802016403,60.26818255440404,667.0,0.3171659533999049,72,0.17142857142857143,2,6,13
antsql,0.3,34200,14,10,400,2765,0.5092224231464738,3.52,22.56757242999679,44.386570803938284,670.0,0.3224254090471607,81,5.298701298701299,4,6,14
antsql,0.3,503215,14,10,400,2829,0.5252739483916579,3.715,27.214141277615468,54.39901971072068,771.0,0.3416038989809482,81,0.5432098765432098,0,6,15
antsql,0.3,762590,14,10,400,2871,0.5315221177290143,3.815,29.82293614592157,58.880168624739106,579.0,0.27505938242280287,85,0.0,10,6,16
antsql,0.3,508121,14,10,400,2810,0.3480427046263345,2.445,27.04575051551759,57.735762406930945,524.0,0.3488681757656458,111,3.1359223300970873,7,6,17
antsql,0.3,210223,14,10,400,2799,0.07752768846016435,0.5425,14.061093644940222,36.03943409802395,109.0,0.3343558282208589,89,0.3103448275862069,2,6,18
antsql,0.3,738401,14,10,400,2814,0.27221037668798864,1.915,21.045340404844314,49.90582385057678,305.0,0.28478057889822594,86,3.765432098765432,5,6,19
antsql,0.3,385999,14,10,400,2828,0.48514851485148514,3.43,25.695074854980916,62.30519655611149,597.0,0.30319959370238697,87,1.0240963855421688,4,8,0
antsql,0.3,286629,14,10,400,2788,0.3862984218077475,2.6925,30.975106868843504,77.01407929633075,433.0,0.2867549668874172,87,10.071428571428571,3,8,1
antsql,0.3,569583,14,10,400,2831,0.4645001766160367,3.2875,30.633335713150863,63.71438313753771,629.0,0.323559670781893,99,3.3684210526315788,4,8,2
antsql,0.3,458623,14,10,400,2862,0.47379454926624737,3.39,34.06993203834771,75.35987077870752,706.0,0.34238603297769155,85,4.3882352941176475,0,8,3
antsql,0.3,477240,14,10,400,2805,0.2802139037433155,1.965,40.87230334816625,82.53446045462489,483.0,0.3806146572104019,105,3.3157894736842106,10,8,4
antsql,0.3,660644,14,10,400,2746,0.1995630007283321,1.37,21.134463527702547,45.23755595533996,295.0,0.3499406880189798,90,3.2,0,8,5
antsql,0.3,200391,14,10,400,2864,0.2817737430167598,2.0175,25.876794900976588,53.31613763322214,410.0,0.3368940016433854,96,7.842696629213483,7,8,6
antsql,0.3,372811,14,10,400,2674,0.36013462976813765,2.4075,29.767595704694344,67.11469192496239,527.0,0.35369127516778526,96,6.778947368421052,1,8,7
antsql,0.3,363943,14,10,400,2920,0.2636986301369863,1.925,25.369933076223763,53.525781400130235,324.0,0.2961608775137112,92,2.0602409638554215,9,8,8
antsql,0.3,247095,14,10,400,2813,0.21329541414859582,1.5,21.62917146263146,49.105994711507144,277.0,0.31584948688711517,92,3.4431818181818183,4,8,9
antsql,0.3,90511,14,10,400,2734,0.4663496708119971,3.1875,25.1899502869953,56.71564337512075,569.0,0.30856832971800435,97,2.9680851063829787,3,8,10
antsql,0.3,302524,14,10,400,2735,0.5352833638025594,3.66,34.83379354164295,75.49118276136278,657.0,0.30975954738330974,94,2.6823529411764704,9,8,11
antsql,0.3,791160,14,10,400,2802,0.7284082798001428,5.1025,31.414707002328775,69.29779684598084,770.0,0.27392387050871575,97,3.0,9,8,12
antsql,0.3,586236,14,10,400,2893,0.7787763567231247,5.6325,22.88787935433947,48.719547764618696,794.0,0.2605841811617985,96,4.042105263157895,0,8,13
antsql,0.3,739735,14,10,400,2754,0.5588235294117647,3.8475,41.47861911827181,82.40256983656272,811.0,0.3451063829787234,84,1.6125,4,8,14
antsql,0.3,10332,14,10,400,2879,0.3845085098992706,2.7675,26.76103965739122,55.78144163276279,464.0,0.29535327816677276,84,2.5949367088607596,4,8,15
antsql,0.3,322948,14,10,400,2831,0.4330625220770046,3.065,30.912521308679455,58.905783963999234,638.0,0.34227467811158796,108,4.518518518518518,0,8,16
antsql,0.3,566750,14,10,400,2791,0.5800788247939807,4.0475,26.46761540252944,55.39371200434776,748.0,0.3160118293198141,101,1.81,1,8,17
antsql,0.3,330828,14,10,400,2864,0.6295391061452514,4.5075,30.827999358315395,61.452476550588486,776.0,0.3008918185343156,97,1.0721649484536082,0,8,18
antsql,0.3,708377,14,10,400,2783,0.5008983111749911,3.485,32.71764674837882,71.88092580416667,577.0,0.29274479959411465,87,9.218390804597702,0,8,19
antsql,0.3,226675,14,10,400,2797,0.27422238112263136,1.9175,26.14360801562209,62.27455199520448,342.0,0.3083859332732191,93,3.3870967741935485,0,10,0
antsql,0.3,642673,14,10,400,2803,0.7645379950053514,5.3575,38.4527209866373,82.1698547745158,925.0,0.3014993481095176,86,0.5930232558139535,0,10,1
antsql,0.3,667631,14,10,400,2759,0.29068503080826386,2.005,21.14673987515853,45.28756362269558,424.0,0.3458401305057096,78,3.6025641025641026,0,10,2
antsql,0.3,656037,14,10,400,2854,0.6394533987386125,4.5625,29.870304777859634,61.23178909935519,704.0,0.27837089758797945,90,0.3953488372093023,3,10,3
antsql,0.3,77446,14,10,400,2765,0.6083182640144665,4.205,32.07678811100279,78.18427513992908,660.0,0.28181041844577287,93,3.218390804597701,6,10,4
antsql,0.3,909892,14,10,400,2759,0.10801014860456687,0.745,12.870892696794492,33.07423561614559,118.0,0.28365384615384615,89,2.764044943820225,0,10,5
antsql,0.3,42567,14,10,400,2789,0.6332018644675511,4.415,50.20902807162428,110.85191763976974,686.0,0.2797716150081566,90,0.9069767441860465,4,10,6
antsql,0.3,188113,14,10,400,2714,0.5191599115696389,3.5225,28.016704023132142,57.20327904571665,594.0,0.2965551672491263,97,3.659340659340659,6,10,7
antsql,0.3,126771,14,10,400,2794,0.3625626342161775,2.5325,30.899984176320554,65.97239369176312,455.0,0.30994550408719346,104,2.923076923076923,0,10,8
antsql,0.3,730289,14,10,400,2907,0.8145854833161335,5.92,40.60357933357206,85.22838237864012,760.0,0.24296675191815856,85,2.3095238095238093,1,10,9
antsql,0.3,108670,14,10,400,2889,0.6407061266874351,4.6275,35.063555514050904,78.93128650336396,673.0,0.26664025356576865,84,2.5421686746987953,0,10,10
antsql,0.3,882552,14,10,400,2724,0.5914096916299559,4.0275,34.94440946666286,84.272880271205,790.0,0.3290295710120783,91,1.4175824175824177,0,10,11
antsql,0.3,530413,14,10,400,2830,0.38904593639575974,2.7525,40.85241106680007,83.02471763969727,510.0,0.3165735567970205,90,2.0786516853932584,1,10,12
antsql,0.3,395114,14,10,400,2725,0.7486238532110092,5.1,35.32304050263435,82.1371252549655,831.0,0.2894461859979101,80,3.8157894736842106,4,10,13
antsql,0.3,62281,14,10,400,2778,0.5082793376529877,3.53,49.26767983834484,100.90707382730868,615.0,0.30340404538727184,80,1.0,0,10,14
antsql,0.3,281155,14,10,400,2875,0.5429565217391304,3.9025,37.74546436736588,77.20946280128184,603.0,0.2786506469500924,79,6.293333333333333,4,10,15
antsql,0.3,691306,14,10,400,2806,0.6806842480399145,4.775,40.3113148360191,86.2052788119778,836.0,0.30444282592862343,104,3.801980198019802,3,10,16
antsql,0.3,129867,14,10,400,2875,0.8431304347826087,6.06,32.38200432083797,72.47093352548322,921.0,0.27533632286995513,77,1.9870129870129871,0,10,17
antsql,0.3,471143,14,10,400,2730,0.7860805860805861,5.365,41.48288552402855,86.33615943059417,812.0,0.27450980392156865,106,0.5192307692307693,2,10,18
antsql,0.3,694025,14,10,400,2819,0.5395530329904221,3.8025,35.38811026900089,81.0821746338323,689.0,0.31176470588235294,82,3.6710526315789473,6,10,19
antsql,0.3,825056,14,10,400,2893,0.5658486000691324,4.0925,39.08191722573021,82.78409593299256,551.0,0.25182815356489946,95,4.894736842105263,0,15,0
antsql,0.3,207904,14,10,400,2808,0.6524216524216524,4.58,38.891173720391,84.03233217425101,658.0,0.2642570281124498,101,1.7,0,15,1
antsql,0.3,796313,14,10,400,2880,0.7461805555555555,5.3725,56.43631053986084,134.2658271199992,856.0,0.2848585690515807,80,3.289473684210526,4,15,2
antsql,0.3,426216,14,10,400,2867,0.314963376351587,2.2575,34.784366326351595,77.53360237990654,353.0,0.28105095541401276,92,2.260869565217391,0,15,3
antsql,0.3,223122,14,10,400,2833,0.3805153547476174,2.695,30.623112073296777,63.65978896868393,429.0,0.2846715328467153,111,2.790909090909091,1,15,4
antsql,0.3,818021,14,10,400,2749,0.5907602764641688,4.06,25.706548926579867,53.97759049640019,649.0,0.2855257369115706,89,2.4367816091954024,1,15,5
antsql,0.3,534399,14,10,400,2806,0.590520313613685,4.1425,33.85484357861944,72.3457472200329,636.0,0.2773658962058439,97,3.8160919540229883,10,15,6
antsql,0.3,792013,14,10,400,2740,0.33905109489051094,2.3225,30.364758056944535,70.42772716380126,256.0,0.2160337552742616,76,0.0,0,15,7
antsql,0.3,587414,14,10,400,2717,0.6915715863084284,4.6975,41.906048496909534,90.24693917029666,897.0,0.32312680115273773,68,4.176470588235294,0,15,8
antsql,0.3,842792,14,10,400,2854,0.7904695164681149,5.64,22.14613820005392,51.60736676921286,700.0,0.2368064952638701,92,1.7472527472527473,1,15,9
antsql,0.3,160417,14,10,400,2764,0.6237337192474675,4.31,34.93209748242379,74.74943615446776,791.0,0.31451292246520873,92,0.7777777777777778,2,15,10
antsql,0.3,704612,14,10,400,2881,0.6473446719888928,4.6625,38.75783121765694,81.91513432112707,682.0,0.26776599921476246,82,0.0,8,15,11
antsql,0.3,635493,14,10,400,2821,0.5753278979085431,4.0575,35.28335457660505,77.16350267456617,780.0,0.32459425717852686,87,1.2266666666666666,11,15,12
antsql,0.3,167848,14,10,400,2853,0.7013669821240799,5.0025,43.339435853609906,94.67552430069621,847.0,0.29740168539325845,83,0.012048192771084338,0,15,13
antsql,0.3,472653,14,10,400,2782,0.6250898634076204,4.3475,42.03240408681985,88.22713165665535,765.0,0.3055111821086262,95,0.23863636363636365,7,15,14
antsql,0.3,705912,14,10,400,2815,0.5683836589698046,4.0,38.04971912911139,85.65266048279771,563.0,0.2602866389274156,94,3.1,4,15,15
antsql,0.3,735988,14,10,400,2927,0.37751964468739324,2.7625,28.426576108054242,65.26564823193183,356.0,0.243668720054757,90,3.741573033707865,0,15,16
antsql,0.3,231837,14,10,400,2833,0.5075891281327215,3.595,35.68778465267877,78.47331928523168,614.0,0.29922027290448344,101,3.782178217821782,0,15,17
antsql,0.3,107304,14,10,400,2826,0.49575371549893843,3.5025,56.18769334213112,126.75990717834736,677.0,0.3257940327237729,108,4.215686274509804,6,15,18
antsql,0.3,494848,14,10,400,2755,0.8504537205081669,5.8575,36.66581228338229,81.05291215383919,895.0,0.27640518838789374,78,1.2133333333333334,3,15,19
antsql,0.3,963311,14,10,400,2739,0.49981745162468055,3.4225,31.458266633019402,72.35774936389457,574.0,0.29541945445187856,79,0.15789473684210525,3,25,0
antsql,0.3,136514,14,10,400,2798,0.31200857755539674,2.1825,44.193279611615765,76.45060521551804,490.0,0.359501100513573,78,3.7222222222222223,6,25,1
antsql,0.3,961201,14,10,400,2688,0.23325892857142858,1.5675,48.39028932981297,111.73504677412492,439.0,0.41181988742964354,103,4.588235294117647,0,25,2
antsql,0.3,373567,14,10,400,2736,0.3369883040935672,2.305,28.295832113086057,65.03285859957607,282.0,0.23421926910299004,88,1.627906976744186,2,25,3
antsql,0.3,696162,14,10,400,2830,0.6600706713780918,4.67,32.63365278412887,66.68906082365483,780.0,0.2945619335347432,91,5.534090909090909,2,25,4
antsql,0.3,420058,14,10,400,2879,0.33692254254949633,2.425,34.06189667496027,76.34833565306607,352.0,0.26626323751891073,95,3.5319148936170213,0,25,5
antsql,0.3,163294,14,10,400,2833,0.2813272149664666,1.9925,23.093661870894163,52.10521301729419,414.0,0.34186622625928986,86,4.4375,5,25,6
antsql,0.3,613810,14,10,400,2808,0.6695156695156695,4.7,36.053332910142196,79.24181770496115,700.0,0.2713178294573643,74,1.5,0,25,7
antsql,0.3,87962,14,10,400,2788,0.5028694404591105,3.505,46.191590341209995,97.34370656095241,579.0,0.2922766279656739,92,1.3214285714285714,8,25,8
antsql,0.3,879110,14,10,400,2860,0.705944055944056,5.0475,30.993423754233852,70.45202876152969,759.0,0.2732181425485961,92,1.7647058823529411,6,25,9
antsql,0.3,925528,14,10,400,2821,0.43317972350230416,3.055,34.89367590855547,81.28123506041773,418.0,0.2548780487804878,97,3.011111111111111,7,25,10
antsql,0.3,890679,14,10,400,2800,0.5546428571428571,3.8825,24.638702098256655,50.69936663014624,568.0,0.2677982083922678,97,1.5051546391752577,0,25,11
antsql,0.3,714871,14,10,400,2755,0.5887477313974592,4.055,36.18483063752532,80.73371642091364,552.0,0.25390984360625574,96,1.1789473684210525,1,25,12
antsql,0.3,732936,14,10,400,2853,0.6673676831405538,4.76,44.41107279308,90.503429019527,741.0,0.2801512287334594,82,1.2317073170731707,0,25,13
antsql,0.3,195198,14,10,400,2729,0.6419934041773543,4.38,32.09570584099911,69.75274438332288,742.0,0.297514033680834,85,7.870588235294117,0,25,14
antsql,0.3,572651,14,10,400,2765,0.637251356238698,4.405,40.136106871366735,83.08953120387359,713.0,0.2880808080808081,74,0.726027397260274,1,25,15
antsql,0.3,676716,14,10,400,2853,0.43568173852085523,3.1075,36.417651482750784,84.62756305138963,509.0,0.2905251141552511,100,5.252631578947368,5,25,16
antsql,0.3,770634,14,10,400,2755,0.18620689655172415,1.2825,25.513365513784784,52.92210811304096,271.0,0.34566326530612246,81,1.3076923076923077,3,25,17
antsql,0.3,138690,14,10,400,2723,0.408373117884686,2.78,39.53959760890411,88.52362710559952,436.0,0.28165374677002586,91,3.2,5,25,18
antsql,0.3,930003,14,10,400,2670,0.6265917602996255,4.1825,35.988057839400355,73.445233651604,722.0,0.30146137787056365,87,0.9882352941176471,1,25,19
