strategy,churn_rate,seed,n_nodes,n_shards,ticks,n_queries,success_rate,throughput_per_tick,mean_cost,p90_cost,total_control_cost,control_overhead_ratio,n_disruptions,mean_recovery_ticks,n_never_recovered,trial
static_centralized,0.0,683170,14,10,400,2852,1.0,7.13,22.799828166545346,36.51387851274842,0.0,0.0,0,,0,0
static_centralized,0.0,922520,14,10,400,2791,1.0,6.9775,27.723464152869514,54.635423993679495,0.0,0.0,0,,0,1
static_centralized,0.0,560076,14,10,400,2802,1.0,7.005,16.351406871534294,28.094165114306968,0.0,0.0,0,,0,2
static_centralized,0.0,482801,14,10,400,2815,1.0,7.0375,18.7006979762889,33.502487915415756,0.0,0.0,0,,0,3
static_centralized,0.0,570120,14,10,400,2887,1.0,7.2175,12.750957690064165,29.721402373300275,0.0,0.0,0,,0,4
static_centralized,0.0,976734,14,10,400,2804,1.0,7.01,22.63521263027947,37.95101473996506,0.0,0.0,0,,0,5
static_centralized,0.0,715270,14,10,400,2793,1.0,6.9825,17.080319309928303,30.736238816507683,0.0,0.0,0,,0,6
static_centralized,0.0,950715,14,10,400,2753,1.0,6.8825,22.50328815397875,36.45357512905524,0.0,0.0,0,,0,7
static_centralized,0.0,328561,14,10,400,2865,1.0,7.1625,13.360521215690994,23.751213222230277,0.0,0.0,0,,0,8
static_centralized,0.0,497162,14,10,400,2763,1.0,6.9075,22.291827897025794,38.16187280445917,0.0,0.0,0,,0,9
static_centralized,0.0,565604,14,10,400,2899,1.0,7.2475,24.737153034914485,43.99044062963483,0.0,0.0,0,,0,10
static_centralized,0.0,525184,14,10,400,2846,1.0,7.115,17.671951297205084,27.620098039622764,0.0,0.0,0,,0,11
static_centralized,0.0,837717,14,10,400,2781,1.0,6.9525,15.062422548186918,32.65702167561851,0.0,0.0,0,,0,12
static_centralized,0.0,375320,14,10,400,2823,1.0,7.0575,16.5760556011751,31.45086000373381,0.0,0.0,0,,0,13
static_centralized,0.0,902687,14,10,400,2821,1.0,7.0525,18.843841182338387,32.388499895086575,0.0,0.0,0,,0,14
static_centralized,0.0,929377,14,10,400,2813,1.0,7.0325,23.325997287498303,36.57876852441164,0.0,0.0,0,,0,15
static_centralized,0.0,876779,14,10,400,2819,1.0,7.0475,19.0331362101616,32.40931769277385,0.0,0.0,0,,0,16
static_centralized,0.0,338273,14,10,400,2778,1.0,6.945,22.615575730445453,39.12906143466584,0.0,0.0,0,,0,17
static_centralized,0.0,64566,14,10,400,2829,1.0,7.0725,15.967268297623496,27.512073265702607,0.0,0.0,0,,0,18
static_centralized,0.0,565222,14,10,400,2873,1.0,7.1825,19.078497706832405,32.19321611228457,0.0,0.0,0,,0,19
static_centralized,0.05,324693,14,10,400,2758,0.5145032632342277,3.5475,14.473654518685004,26.61165189299999,0.0,0.0,21,0.0,0,0
static_centralized,0.05,584194,14,10,400,2698,0.6319495922905857,4.2625,18.754809036855008,32.064054477704545,0.0,0.0,18,0.3333333333333333,0,1
static_centralized,0.05,136403,14,10,400,2826,0.7384996461429583,5.2175,25.294761480525402,45.40742540265633,0.0,0.0,9,0.0,0,2
static_centralized,0.05,624706,14,10,400,2792,0.6063753581661891,4.2325,15.546603018093425,26.867337857596272,0.0,0.0,15,0.0,0,3
static_centralized,0.05,645477,14,10,400,2788,0.6162123385939742,4.295,13.59305422953029,23.588195887163884,0.0,0.0,17,0.058823529411764705,0,4
static_centralized,0.05,416787,14,10,400,2743,0.4006562158220926,2.7475,18.40021021293949,40.296115123524594,0.0,0.0,14,0.0,0,5
static_centralized,0.05,360683,14,10,400,2810,0.5537366548042705,3.89,16.558395246727162,28.167021737766127,0.0,0.0,15,0.0,0,6
static_centralized,0.05,685057,14,10,400,2809,0.5204699181203275,3.655,18.180546232427282,30.717201943152077,0.0,0.0,12,0.0,0,7
static_centralized,0.05,557628,14,10,400,2795,0.42182468694096603,2.9475,16.161040562821025,29.316333827386423,0.0,0.0,17,0.23529411764705882,0,8
static_centralized,0.05,57522,14,10,400,2768,0.625,4.325,17.574169637535242,34.378607073961575,0.0,0.0,17,0.0,0,9
static_centralized,0.05,327736,14,10,400,2809,0.8668565325738697,6.0875,22.348496603761216,34.710098229164736,0.0,0.0,9,0.0,0,10
static_centralized,0.05,898167,14,10,400,2839,0.723141951391335,5.1325,20.911956716640507,35.759089284954456,0.0,0.0,14,0.0,0,11
static_centralized,0.05,838586,14,10,400,2800,0.4957142857142857,3.47,11.892224139522925,19.327704442356836,0.0,0.0,19,0.0,2,12
static_centralized,0.05,825970,14,10,400,2845,0.8492091388400703,6.04,22.337312868083178,39.25183616918341,0.0,0.0,10,0.0,0,13
static_centralized,0.05,897197,14,10,400,2757,0.5567645992020311,3.8375,15.944697111472388,30.00843136384789,0.0,0.0,16,0.0,0,14
static_centralized,0.05,419390,14,10,400,2869,0.6444754269780412,4.6225,16.623654074193723,32.401247104866044,0.0,0.0,14,0.21428571428571427,0,15
static_centralized,0.05,149956,14,10,400,2783,0.6406755300035932,4.4575,17.5828248724735,32.54235553667961,0.0,0.0,8,0.0,0,16
static_centralized,0.05,433292,14,10,400,2764,0.8277858176555717,5.72,16.825308179039823,29.261468483039604,0.0,0.0,10,0.0,0,17
static_centralized,0.05,900454,14,10,400,2804,0.8024251069900142,5.625,17.49490953655517,30.381641889187364,0.0,0.0,6,0.0,0,18
static_centralized,0.05,724312,14,10,400,2761,0.7059036580948932,4.8725,21.67067349500368,34.95629890613543,0.0,0.0,12,0.0,0,19
static_centralized,0.1,917819,14,10,400,2722,0.6311535635562087,4.295,18.14514177500591,35.82528209837022,0.0,0.0,36,0.0,0,0
static_centralized,0.1,267463,14,10,400,2739,0.7988316903979554,5.47,25.01213750144591,43.98795338499049,0.0,0.0,39,0.0,0,1
static_centralized,0.1,715409,14,10,400,2672,0.4528443113772455,3.025,16.90437452065305,31.77285647812241,0.0,0.0,31,0.6451612903225806,0,2
static_centralized,0.1,878509,14,10,400,2896,0.6988950276243094,5.06,20.729738637225736,40.83732426269309,0.0,0.0,29,1.8275862068965518,0,3
static_centralized,0.1,866001,14,10,400,2835,0.34250440917107583,2.4275,14.210360794265997,27.548636888499832,0.0,0.0,39,1.435897435897436,0,4
static_centralized,0.1,548168,14,10,400,2727,0.40117345067840116,2.735,16.027910449274845,31.13345315539549,0.0,0.0,31,0.03333333333333333,0,5
static_centralized,0.1,372672,14,10,400,2748,0.413391557496361,2.84,11.959749095133196,22.06330119990703,0.0,0.0,30,0.0,2,6
static_centralized,0.1,136865,14,10,400,2811,0.5873354678050516,4.1275,19.85701111898191,37.98137106136001,0.0,0.0,29,0.0,0,7
static_centralized,0.1,590703,14,10,400,2846,0.7287420941672523,5.185,18.690447392395843,32.00578443433283,0.0,0.0,23,0.0,0,8
static_centralized,0.1,873107,14,10,400,2778,0.7897768178545717,5.485,23.65293994091535,38.17700550298686,0.0,0.0,19,0.0,0,9
static_centralized,0.1,160026,14,10,400,2754,0.5,3.4425,16.527616146179657,35.39290501791199,0.0,0.0,23,0.2608695652173913,0,10
static_centralized,0.1,831193,14,10,400,2830,0.37208480565371027,2.6325,19.93015579549239,36.87624533727403,0.0,0.0,28,0.10714285714285714,0,11
static_centralized,0.1,490095,14,10,400,2845,0.6579964850615114,4.68,18.32079293475648,31.631370222335345,0.0,0.0,25,0.0,0,12
static_centralized,0.1,39127,14,10,400,2807,0.1638760242251514,1.15,15.291620461764587,36.59238112373913,0.0,0.0,32,2.0,2,13
static_centralized,0.1,827085,14,10,400,2842,0.38986629134412387,2.77,25.311153949723792,50.80709262534193,0.0,0.0,29,1.0689655172413792,0,14
static_centralized,0.1,198653,14,10,400,2749,0.5660240087304474,3.89,14.06067510578075,26.190614404841963,0.0,0.0,28,0.0,0,15
static_centralized,0.1,407537,14,10,400,2856,0.3644957983193277,2.6025,17.93290701030829,35.79042830905698,0.0,0.0,32,2.4516129032258065,1,16
static_centralized,0.1,493203,14,10,400,2845,0.3852372583479789,2.74,21.01548732508193,35.94847951907893,0.0,0.0,30,1.8148148148148149,3,17
static_centralized,0.1,88549,14,10,400,2725,0.6337614678899083,4.3175,17.839303005474758,35.638809339982224,0.0,0.0,31,0.0,0,18
static_centralized,0.1,47829,14,10,400,2769,0.2990249187432286,2.07,18.967896708346395,42.069243290429355,0.0,0.0,25,0.0,0,19
static_centralized,0.2,568847,14,10,400,2707,0.43258219431104544,2.9275,12.003451692796116,22.61218783360328,0.0,0.0,37,0.08108108108108109,0,0
static_centralized,0.2,40389,14,10,400,2760,0.4166666666666667,2.875,17.055443311294262,31.091261588569743,0.0,0.0,66,1.2424242424242424,0,1
static_centralized,0.2,724160,14,10,400,2874,0.34237995824634654,2.46,22.338050156992992,51.726736886468835,0.0,0.0,59,0.6949152542372882,0,2
static_centralized,0.2,553386,14,10,400,2783,0.233201581027668,1.6225,9.419926930342285,22.480502734998506,0.0,0.0,64,6.983606557377049,3,3
static_centralized,0.2,42296,14,10,400,2825,0.36283185840707965,2.5625,19.723960170314765,39.610029445092216,0.0,0.0,60,1.3898305084745763,0,4
static_centralized,0.2,380745,14,10,400,2689,0.37560431387132764,2.525,18.139953007761974,33.115876290163065,0.0,0.0,62,9.209677419354838,0,5
static_centralized,0.2,485955,14,10,400,2863,0.1994411456514146,1.4275,17.081849235805603,31.853438825590395,0.0,0.0,59,0.0847457627118644,0,6
static_centralized,0.2,314582,14,10,400,2746,0.3954843408594319,2.715,14.835917978675765,29.20640641504247,0.0,0.0,61,0.3442622950819672,0,7
static_centralized,0.2,691541,14,10,400,2841,0.20450545582541357,1.4525,22.68223602886595,43.869776711446676,0.0,0.0,62,1.9193548387096775,0,8
static_centralized,0.2,927183,14,10,400,2775,0.45837837837837836,3.18,18.717394085970405,35.537777296829354,0.0,0.0,48,0.391304347826087,2,9
static_centralized,0.2,186326,14,10,400,2902,0.2991040661612681,2.17,10.932440002065512,23.405295111904408,0.0,0.0,65,1.6923076923076923,0,10
static_centralized,0.2,660624,14,10,400,2895,0.3696027633851468,2.675,15.279211562949888,31.549282131853005,0.0,0.0,55,1.0363636363636364,0,11
static_centralized,0.2,205707,14,10,400,2868,0.46373779637377965,3.325,19.654701085917345,39.560368598807614,0.0,0.0,49,0.4489795918367347,0,12
static_centralized,0.2,753789,14,10,400,2765,0.5280289330922242,3.65,20.362207388795994,38.94665799638349,0.0,0.0,44,2.090909090909091,0,13
static_centralized,0.2,582970,14,10,400,2794,0.4058697208303508,2.835,18.31242710680838,37.332718233927345,0.0,0.0,52,1.872340425531915,5,14
static_centralized,0.2,281995,14,10,400,2906,0.4284239504473503,3.1125,18.316074996764335,36.256774948976954,0.0,0.0,67,0.5671641791044776,0,15
static_centralized,0.2,900374,14,10,400,2875,0.27791304347826085,1.9975,17.55514016478554,40.31610609534253,0.0,0.0,53,1.471698113207547,0,16
static_centralized,0.2,275134,14,10,400,2880,0.46805555555555556,3.37,13.694828895518096,28.50108346737026,0.0,0.0,51,1.02,1,17
static_centralized,0.2,484499,14,10,400,2743,0.2883703973751367,1.9775,15.448892676934962,31.575031727771815,0.0,0.0,62,3.210526315789474,5,18
static_centralized,0.2,772177,14,10,400,2800,0.4953571428571429,3.4675,17.989943631521008,33.14653137592352,0.0,0.0,57,1.105263157894737,0,19
static_centralized,0.3,847179,14,10,400,2791,0.22715872447151558,1.585,17.11347569492264,37.00271356588906,0.0,0.0,103,3.1941747572815533,0,0
static_centralized,0.3,842526,14,10,400,2750,0.45490909090909093,3.1275,17.997146909893456,38.87496452109373,0.0,0.0,73,3.835616438356164,0,1
static_centralized,0.3,745941,14,10,400,2886,0.3031878031878032,2.1875,19.421438223547792,38.56785354977552,0.0,0.0,81,1.7777777777777777,0,2
static_centralized,0.3,619087,14,10,400,2848,0.3981741573033708,2.835,18.456404373295978,35.89185123947034,0.0,0.0,88,0.5909090909090909,0,3
static_centralized,0.3,866582,14,10,400,2727,0.30583058305830585,2.085,21.305436955276335,37.04447392616112,0.0,0.0,102,6.2105263157894735,7,4
static_centralized,0.3,816798,14,10,400,2768,0.39559248554913296,2.7375,13.748960556166523,25.65719606263247,0.0,0.0,89,0.36470588235294116,4,5
static_centralized,0.3,620768,14,10,400,2808,0.3660968660968661,2.57,19.462707243651646,37.104631153479865,0.0,0.0,89,2.3333333333333335,8,6
static_centralized,0.3,86648,14,10,400,2808,0.32905982905982906,2.31,14.605427787847002,32.22969678821327,0.0,0.0,99,0.8571428571428571,8,7
static_centralized,0.3,654449,14,10,400,2814,0.09772565742714996,0.6875,11.592096619218744,26.021203441036896,0.0,0.0,88,1.6206896551724137,1,8
static_centralized,0.3,105433,14,10,400,2905,0.15008605851979345,1.09,10.388265098685208,25.030768454441773,0.0,0.0,95,3.627659574468085,0,9
static_centralized,0.3,556329,14,10,400,2751,0.17411850236277718,1.1975,26.138234790566067,66.00803968346844,0.0,0.0,100,2.05,0,10
static_centralized,0.3,72784,14,10,400,2794,0.25626342161775234,1.79,12.757886756359797,22.98361838553382,0.0,0.0,93,1.8064516129032258,0,11
static_centralized,0.3,555124,14,10,400,2794,0.37473156764495347,2.6175,14.82354737983028,28.78344110693061,0.0,0.0,101,1.2142857142857142,3,12
static_centralized,0.3,379789,14,10,400,2797,0.20414730067929926,1.4275,13.927773482330316,33.37388711604427,0.0,0.0,99,3.4343434343434343,0,13
static_centralized,0.3,649989,14,10,400,2767,0.38127936393205636,2.6375,17.411212860019397,31.759465458632725,0.0,0.0,74,5.083333333333333,2,14
static_centralized,0.3,260816,14,10,400,2733,0.16428832784485914,1.1225,15.346753488101779,30.61911976656151,0.0,0.0,89,2.4157303370786516,0,15
static_centralized,0.3,896007,14,10,400,2814,0.42786069651741293,3.01,23.047165222213163,43.13428251527386,0.0,0.0,83,6.036144578313253,0,16
static_centralized,0.3,329978,14,10,400,2727,0.37257059039237256,2.54,15.810021917574199,28.8296422795264,0.0,0.0,99,3.0707070707070705,0,17
static_centralized,0.3,572321,14,10,400,2784,0.3897270114942529,2.7125,19.596615814558586,39.54162121901575,0.0,0.0,82,0.525,2,18
static_centralized,0.3,955905,14,10,400,2769,0.1697363669194655,1.175,15.061045752836941,34.26776714806589,0.0,0.0,92,12.153846153846153,0,19
adaptive_centralized,0.0,372946,14,10,400,2772,1.0,6.93,21.93995509393795,38.0392090235057,266.0,0.08755760368663594,0,,0,0
adaptive_centralized,0.0,55242,14,10,400,2869,1.0,7.1725,21.99132817882023,36.46580073578955,266.0,0.08484848484848485,0,,0,1
adaptive_centralized,0.0,829637,14,10,400,2812,1.0,7.03,20.04831241484518,36.36006682254849,266.0,0.08641975308641975,0,,0,2
adaptive_centralized,0.0,927963,14,10,400,2765,1.0,6.9125,22.417190368106912,36.60512815921855,266.0,0.08775981524249422,0,,0,3
adaptive_centralized,0.0,944741,14,10,400,2848,1.0,7.12,21.945873918576147,34.09536503026546,266.0,0.08542068079640334,0,,0,4
adaptive_centralized,0.0,17985,14,10,400,2864,1.0,7.16,23.705732139859307,36.14424451377803,266.0,0.08498402555910543,0,,0,5
adaptive_centralized,0.0,279821,14,10,400,2806,1.0,7.015,18.79984138914799,30.774456138662316,266.0,0.08658854166666667,0,,0,6
adaptive_centralized,0.0,468941,14,10,400,2878,1.0,7.195,20.882146948316517,33.502576683242815,266.0,0.0846055979643766,0,,0,7
adaptive_centralized,0.0,40986,14,10,400,2848,1.0,7.12,15.785240379119912,26.8454186364993,266.0,0.08542068079640334,0,,0,8
adaptive_centralized,0.0,36437,14,10,400,2776,1.0,6.94,19.842730426067867,31.737924782759183,266.0,0.08744247205785667,0,,0,9
adaptive_centralized,0.0,159455,14,10,400,2858,1.0,7.145,18.414848758047523,33.8195099284815,266.0,0.0851472471190781,0,,0,10
adaptive_centralized,0.0,392983,14,10,400,2891,1.0,7.2275,23.09362533432055,37.31764964028625,266.0,0.08425720620842572,0,,0,11
adaptive_centralized,0.0,653062,14,10,400,2674,1.0,6.685,23.030589035059613,38.00148079232929,266.0,0.09047619047619047,0,,0,12
adaptive_centralized,0.0,979262,14,10,400,2776,1.0,6.94,21.98228519734689,33.54599032453129,266.0,0.08744247205785667,0,,0,13
adaptive_centralized,0.0,166280,14,10,400,2815,1.0,7.0375,17.93193827418208,30.685358702491932,266.0,0.0863356053229471,0,,0,14
adaptive_centralized,0.0,485488,14,10,400,2886,1.0,7.215,22.068080355039953,40.2636095010715,266.0,0.08439086294416244,0,,0,15
adaptive_centralized,0.0,521107,14,10,400,2827,1.0,7.0675,20.483120722548904,33.459955215131714,266.0,0.08600064662140317,0,,0,16
adaptive_centralized,0.0,359985,14,10,400,2770,1.0,6.925,19.22836898975686,31.343868789621528,266.0,0.08761528326745718,0,,0,17
adaptive_centralized,0.0,645535,14,10,400,2791,1.0,6.9775,22.727025846132438,39.921268669397854,266.0,0.08701341184167484,0,,0,18
adaptive_centralized,0.0,309848,14,10,400,2733,1.0,6.8325,20.75281927319825,37.43664408038786,266.0,0.08869623207735912,0,,0,19
adaptive_centralized,0.05,347860,14,10,400,2810,0.8320284697508897,5.845,23.379514719419387,38.64662988929871,266.0,0.10215053763440861,16,0.0,0,0
adaptive_centralized,0.05,582851,14,10,400,2771,0.8365211115120895,5.795,18.299205199320692,35.55951840798431,266.0,0.10294117647058823,16,0.0,0,1
adaptive_centralized,0.05,340721,14,10,400,2830,0.8014134275618374,5.67,14.27444108331642,26.407396764660742,266.0,0.10497237569060773,20,0.0,0,2
adaptive_centralized,0.05,502172,14,10,400,2803,0.8901177310024974,6.2375,23.94600902788515,39.816686730392796,266.0,0.09634190510684534,9,0.0,0,3
adaptive_centralized,0.05,979321,14,10,400,2800,0.78,5.46,16.36993380806099,29.37522763103454,266.0,0.10857142857142857,18,0.5555555555555556,0,4
adaptive_centralized,0.05,273252,14,10,400,2774,0.9062725306416727,6.285,18.96231411297827,33.339072451829885,266.0,0.09568345323741007,15,0.0,0,5
adaptive_centralized,0.05,335237,14,10,400,2862,0.6481481481481481,4.6375,24.263753771318864,41.669550572913494,266.0,0.1254125412541254,14,0.0,0,6
adaptive_centralized,0.05,334436,14,10,400,2828,0.8963932107496464,6.3375,22.48806746496066,38.106645496637405,266.0,0.09496608354159229,10,0.0,0,7
adaptive_centralized,0.05,868776,14,10,400,2825,0.7745132743362831,5.47,20.489054246268072,33.249701524700846,266.0,0.10839445802770986,20,0.0,0,8
adaptive_centralized,0.05,797205,14,10,400,2848,0.797752808988764,5.68,21.469220157185315,37.460490187385346,266.0,0.10480693459416864,14,0.0,0,9
adaptive_centralized,0.05,358578,14,10,400,2806,0.9123307198859587,6.4,23.03056106231393,38.63287797496169,266.0,0.09412597310686482,8,0.0,0,10
adaptive_centralized,0.05,438125,14,10,400,2849,0.7083187083187084,5.045,18.30925364602257,32.045645345764854,266.0,0.11646234676007006,19,0.0,0,11
adaptive_centralized,0.05,314683,14,10,400,2766,0.8145336225596529,5.6325,19.503003186494578,34.45639354848284,266.0,0.1055974593092497,18,0.0,0,12
adaptive_centralized,0.05,138620,14,10,400,2800,0.8685714285714285,6.08,20.379767651604926,33.73503721937,266.0,0.09859154929577464,9,0.2222222222222222,0,13
adaptive_centralized,0.05,202704,14,10,400,2829,0.719688936019795,5.09,22.034366305907913,38.95717299025456,266.0,0.1155516941789748,16,0.0,0,14
adaptive_centralized,0.05,660180,14,10,400,2788,0.9164275466284074,6.3875,15.10035454133714,26.15132054248489,266.0,0.09429280397022333,9,0.0,0,15
adaptive_centralized,0.05,991861,14,10,400,2771,0.8181162035366294,5.6675,19.011060196463614,34.42099535478915,266.0,0.10501381760757994,13,0.0,0,16
adaptive_centralized,0.05,759220,14,10,400,2724,0.9427312775330396,6.42,13.754789919120807,22.354108119935432,266.0,0.09386026817219478,18,0.0,0,17
adaptive_centralized,0.05,789668,14,10,400,2856,0.7093837535014006,5.065,25.058910211662933,39.43729444485154,266.0,0.11605584642233857,19,0.0,0,18
adaptive_centralized,0.05,435941,14,10,400,2780,0.9370503597122302,6.5125,23.768030556074258,39.265212785295866,266.0,0.0926506443747823,13,0.0,0,19
adaptive_centralized,0.1,311960,14,10,400,2748,0.5651382823871907,3.8825,23.961347547267657,40.612010551953446,266.0,0.1462341946124244,35,0.05714285714285714,0,0
adaptive_centralized,0.1,827531,14,10,400,2892,0.9304979253112033,6.7275,13.12564159110348,25.23396035923185,266.0,0.08995603652350355,21,0.0,0,1
adaptive_centralized,0.1,518713,14,10,400,2798,0.873481057898499,6.11,15.907750254370642,30.805902503278208,266.0,0.0981549815498155,24,0.5416666666666666,0,2
adaptive_centralized,0.1,227931,14,10,400,2812,0.9150071123755334,6.4325,20.514524594104838,35.13575408594933,266.0,0.09369496301514618,23,0.043478260869565216,0,3
adaptive_centralized,0.1,8423,14,10,400,2867,0.6072549703522846,4.3525,27.601450774712205,51.10895420833291,266.0,0.1325361235675137,32,0.5625,0,4
adaptive_centralized,0.1,3183,14,10,400,2820,0.5382978723404256,3.795,19.205302386783224,34.591713143246814,266.0,0.1491031390134529,35,3.657142857142857,0,5
adaptive_centralized,0.1,59488,14,10,400,2823,0.5157633722989727,3.64,21.173920965894716,40.683737123759286,266.0,0.15447154471544716,35,1.2647058823529411,1,6
adaptive_centralized,0.1,874097,14,10,400,2801,0.25276686897536593,1.77,17.81937644396302,39.56423961665169,266.0,0.2731006160164271,36,9.914285714285715,0,7
adaptive_centralized,0.1,275454,14,10,400,2783,0.8350700682716493,5.81,22.962860678690628,38.65991769686673,266.0,0.10270270270270271,26,0.038461538461538464,0,8
adaptive_centralized,0.1,705440,14,10,400,2748,0.8034934497816594,5.52,21.470056938867586,38.23631830648465,266.0,0.10751818916734034,32,0.0,0,9
adaptive_centralized,0.1,210585,14,10,400,2718,0.35798381162619575,2.4325,17.664554066802157,30.025568823408967,266.0,0.21468926553672316,35,0.6285714285714286,0,10
adaptive_centralized,0.1,197481,14,10,400,2782,0.6732566498921639,4.6825,20.329093786040325,37.55274113319918,266.0,0.12435717625058439,29,0.3793103448275862,0,11
adaptive_centralized,0.1,525860,14,10,400,2791,0.5854532425653888,4.085,19.968212009591554,35.32716783469981,266.0,0.14,33,0.5625,1,12
adaptive_centralized,0.1,720079,14,10,400,2885,0.6103986135181976,4.4025,19.871310610449434,41.50339378174213,266.0,0.13122841637888505,33,0.21875,1,13
adaptive_centralized,0.1,333314,14,10,400,2787,0.8238249013275923,5.74,19.477585492855898,38.1941845918275,266.0,0.10382513661202186,37,0.24324324324324326,0,14
adaptive_centralized,0.1,708250,14,10,400,2755,0.822141560798548,5.6625,20.319065467045398,34.43111308166509,266.0,0.1050967996839194,25,1.16,0,15
adaptive_centralized,0.1,388282,14,10,400,2707,0.8740302918359808,5.915,22.632097897436044,36.604586650922954,266.0,0.10106382978723404,27,1.8518518518518519,0,16
adaptive_centralized,0.1,796179,14,10,400,2762,0.45800144822592326,3.1625,17.037163238755898,36.315994911718036,266.0,0.1737426518615284,32,3.7666666666666666,2,17
adaptive_centralized,0.1,887410,14,10,400,2833,0.598305683021532,4.2375,27.402633761916313,51.81567633108723,266.0,0.13564507904130546,36,3.75,0,18
adaptive_centralized,0.1,549729,14,10,400,2739,0.5531215772179627,3.7875,18.869585182792534,39.81181763201437,266.0,0.1493542953396968,31,9.838709677419354,0,19
adaptive_centralized,0.2,780915,14,10,400,2829,0.5019441498762813,3.55,27.0413071643866,50.125706940627786,266.0,0.15776986951364175,51,1.7291666666666667,3,0
adaptive_centralized,0.2,810941,14,10,400,2704,0.5488165680473372,3.71,15.538283899183533,31.253646913773213,266.0,0.152,70,2.1857142857142855,0,1
adaptive_centralized,0.2,502746,14,10,400,2845,0.318804920913884,2.2675,14.657846023896468,28.78760430960348,266.0,0.226768968456948,63,1.1290322580645162,1,2
adaptive_centralized,0.2,658079,14,10,400,2782,0.5345075485262402,3.7175,20.989435175374524,42.354518198152974,266.0,0.1517398745008557,68,5.823529411764706,0,3
adaptive_centralized,0.2,420191,14,10,400,2780,0.07014388489208633,0.4875,10.075895269258277,24.95208277785154,266.0,0.5770065075921909,68,1.911764705882353,0,4
adaptive_centralized,0.2,905326,14,10,400,2757,0.7091040986579615,4.8875,21.372265056178854,38.31200472040625,266.0,0.11976587122917605,71,1.2608695652173914,2,5
adaptive_centralized,0.2,38865,14,10,400,2844,0.780239099859353,5.5475,30.266007729131516,52.696152946930575,266.0,0.10704225352112676,60,0.2,0,6
adaptive_centralized,0.2,329687,14,10,400,2861,0.4599790283117791,3.29,25.258335180224947,48.503791588053275,266.0,0.168141592920354,57,4.5964912280701755,0,7
adaptive_centralized,0.2,702863,14,10,400,2796,0.7324749642346209,5.12,21.89591555389221,40.590729828111314,266.0,0.11495246326707001,52,0.019230769230769232,0,8
adaptive_centralized,0.2,716012,14,10,400,2792,0.8019340974212035,5.5975,25.162706350794444,42.736768559276214,266.0,0.106187624750499,50,0.7,0,9
adaptive_centralized,0.2,898178,14,10,400,2757,0.4697134566557853,3.2375,29.001804114926113,54.68820333031232,266.0,0.17040358744394618,72,2.1527777777777777,0,10
adaptive_centralized,0.2,400836,14,10,400,2823,0.4587318455543748,3.2375,21.10156971428163,36.740317083026504,266.0,0.17040358744394618,67,0.6615384615384615,1,11
adaptive_centralized,0.2,623927,14,10,400,2839,0.15639309616061994,1.11,18.991597822947117,64.3701836063612,266.0,0.37464788732394366,65,6.907692307692308,0,12
adaptive_centralized,0.2,470460,14,10,400,2840,0.7471830985915493,5.305,15.786956638664723,29.193786055576417,266.0,0.11139028475711893,59,0.06779661016949153,0,13
adaptive_centralized,0.2,180022,14,10,400,2799,0.5437656305823508,3.805,19.356551313038192,36.582269814188834,266.0,0.1487695749440716,49,0.6938775510204082,0,14
adaptive_centralized,0.2,875818,14,10,400,2817,0.40042598509052185,2.82,23.79214818409061,41.23721460114356,266.0,0.1908177905308465,62,1.096774193548387,0,15
adaptive_centralized,0.2,522296,14,10,400,2803,0.7688191223688905,5.3875,20.814197287794414,38.019075954211445,266.0,0.10987195373812474,63,0.27419354838709675,0,16
adaptive_centralized,0.2,599100,14,10,400,2808,0.7129629629629629,5.005,24.666751980611025,45.30031522621705,266.0,0.11728395061728394,62,2.129032258064516,0,17
adaptive_centralized,0.2,68546,14,10,400,2756,0.7576197387518142,5.22,32.519180928776,59.86288629540607,266.0,0.11299915038232795,63,0.3225806451612903,0,18
adaptive_centralized,0.2,692711,14,10,400,2758,0.1802030456852792,1.2425,13.26768934224406,33.91251569194757,266.0,0.3486238532110092,69,2.5737704918032787,7,19
adaptive_centralized,0.3,467148,14,10,400,2724,0.6640969162995595,4.5225,20.812846695386728,37.97138654811923,266.0,0.12819277108433735,87,3.2988505747126435,0,0
adaptive_centralized,0.3,58364,14,10,400,2845,0.6931458699472759,4.93,17.956171064086416,34.85754763945828,266.0,0.11885612153708669,94,0.23655913978494625,0,1
adaptive_centralized,0.3,375870,14,10,400,2826,0.7668082094833687,5.4175,29.936030827371628,53.0581751357653,266.0,0.10933004521167283,83,0.27710843373493976,0,2
adaptive_centralized,0.3,115354,14,10,400,2772,0.4152236652236652,2.8775,16.846410772075455,29.976969083854705,266.0,0.18772053634438957,80,3.5945945945945947,6,3
adaptive_centralized,0.3,453457,14,10,400,2786,0.6005025125628141,4.1825,21.814937929156535,41.16720919581436,266.0,0.1371841155234657,82,2.8048780487804876,0,4
adaptive_centralized,0.3,726857,14,10,400,2663,0.11978971085242208,0.7975,14.278812534032792,26.61388397038578,266.0,0.4547008547008547,112,1.7452830188679245,5,5
adaptive_centralized,0.3,397224,14,10,400,2764,0.6497829232995659,4.49,27.870791201003282,50.5737566076335,266.0,0.12900096993210475,89,0.8,4,6
adaptive_centralized,0.3,688694,14,10,400,2797,0.2248838040757955,1.5725,22.156162730916236,50.43886610395727,266.0,0.29720670391061454,101,3.92,0,7
adaptive_centralized,0.3,191997,14,10,400,2741,0.21524990879241152,1.475,17.404560710070427,36.73782824484982,266.0,0.3107476635514019,106,4.330188679245283,0,8
adaptive_centralized,0.3,47930,14,10,400,2713,0.6874308883155179,4.6625,22.183522357770986,41.33450298455516,266.0,0.12482402627874238,93,0.989010989010989,2,9
adaptive_centralized,0.3,845676,14,10,400,2759,0.617615077926785,4.26,18.990026558733792,39.791579944096334,266.0,0.1350253807106599,88,0.611764705882353,3,10
adaptive_centralized,0.3,941648,14,10,400,2836,0.6805359661495064,4.825,18.448030496418543,35.28694127608902,266.0,0.12112932604735883,89,1.5056179775280898,0,11
adaptive_centralized,0.3,153494,14,10,400,2795,0.41681574239713776,2.9125,17.812497326772704,33.14093092880313,266.0,0.18588399720475193,85,0.9882352941176471,0,12
adaptive_centralized,0.3,702656,14,10,400,2918,0.44962302947224125,3.28,22.746093260491342,42.16794331912041,266.0,0.16856780735107732,95,1.7826086956521738,3,13
adaptive_centralized,0.3,112401,14,10,400,2759,0.454512504530627,3.135,17.627596366592876,32.03869274675104,266.0,0.175,93,6.532608695652174,1,14
adaptive_centralized,0.3,717764,14,10,400,2799,0.42765273311897106,2.9925,23.76091162956009,39.026403550994125,266.0,0.18181818181818182,93,0.8409090909090909,5,15
adaptive_centralized,0.3,694283,14,10,400,2832,0.707274011299435,5.0075,30.151736847726948,43.580337075731926,266.0,0.11723226090788894,91,1.6703296703296704,0,16
adaptive_centralized,0.3,60781,14,10,400,2684,0.5439642324888226,3.65,20.06550629726709,34.55801458241003,266.0,0.1541135573580533,92,0.0,3,17
adaptive_centralized,0.3,690762,14,10,400,2860,0.4297202797202797,3.0725,25.08189325573294,47.567259395777995,266.0,0.17792642140468226,78,4.361111111111111,6,18
adaptive_centralized,0.3,201564,14,10,400,2735,0.5195612431444241,3.5525,25.532321070746047,50.75224051444049,266.0,0.15767634854771784,95,3.6526315789473682,0,19
decentralized_greedy,0.0,43593,14,10,400,2881,0.982297813259285,7.075,17.155385028856003,29.003204580249413,4800.0,0.6290956749672346,0,,0,0
decentralized_greedy,0.0,336012,14,10,400,2724,0.9926578560939795,6.76,15.608011513973238,26.859453299472786,4800.0,0.6396588486140725,0,,0,1
decentralized_greedy,0.0,761984,14,10,400,2891,0.9844344517468004,7.115,23.169371120921674,38.33829366226476,4800.0,0.6277792309704421,0,,0,2
decentralized_greedy,0.0,826189,14,10,400,2758,0.9840464104423495,6.785,21.190637947658782,33.802629980611826,4800.0,0.6388075592227841,0,,0,3
decentralized_greedy,0.0,964536,14,10,400,2829,0.9886885825379993,6.9925,22.095801187266584,35.257604683247024,4800.0,0.6318283532973542,0,,0,4
decentralized_greedy,0.0,41076,14,10,400,2765,0.9887884267631103,6.835,22.782656282332276,40.57230802543619,4800.0,0.637111760021237,0,,0,5
decentralized_greedy,0.0,111634,14,10,400,2891,0.9903147699757869,7.1575,30.139992471727634,54.253109606782374,4800.0,0.6263865326895471,0,,0,6
decentralized_greedy,0.0,71000,14,10,400,2858,0.9881035689293212,7.06,16.67395462514998,29.069654776505224,4800.0,0.6295907660020986,0,,0,7
decentralized_greedy,0.0,93620,14,10,400,2715,0.9937384898710866,6.745,20.88023583915098,36.35836332164905,4800.0,0.6401707121899173,0,,0,8
decentralized_greedy,0.0,981612,14,10,400,2814,0.9918265813788202,6.9775,20.64610512738277,32.73455898567874,4800.0,0.6323277565538137,0,,0,9
decentralized_greedy,0.0,871516,14,10,400,2845,0.9869947275922671,7.02,18.671803861152895,32.84866633050714,4800.0,0.6309148264984227,0,,0,10
decentralized_greedy,0.0,848882,14,10,400,2864,0.9926675977653632,7.1075,22.747739223299547,37.08282457388638,4800.0,0.6280256443804789,0,,0,11
decentralized_greedy,0.0,717476,14,10,400,2799,0.9867809932118614,6.905,21.584450223246566,35.73714695587693,4800.0,0.6347527109230362,0,,0,12
decentralized_greedy,0.0,293480,14,10,400,2890,0.989273356401384,7.1475,12.541128440509825,22.662945312685316,4800.0,0.626713670191931,0,,0,13
decentralized_greedy,0.0,158921,14,10,400,2914,0.9897048730267674,7.21,18.52433753923595,32.08619769495663,4800.0,0.6246746486205101,0,,0,14
decentralized_greedy,0.0,866121,14,10,400,2836,0.9862482369534555,6.9925,24.751761925330307,45.21731397459801,4800.0,0.6318283532973542,0,,0,15
decentralized_greedy,0.0,638011,14,10,400,2805,0.986096256684492,6.915,17.810569852632096,30.79489460116134,4800.0,0.63441712926249,0,,0,16
decentralized_greedy,0.0,962055,14,10,400,2744,0.9879737609329446,6.7775,15.379961227305202,25.411978518955706,4800.0,0.6390627080282253,0,,0,17
decentralized_greedy,0.0,80023,14,10,400,2810,0.9857651245551602,6.925,18.14506112580888,33.99826114470906,4800.0,0.6340819022457067,0,,0,18
decentralized_greedy,0.0,733197,14,10,400,2740,0.9912408759124087,6.79,18.483032960024264,29.414375719757818,4800.0,0.6386375731772219,0,,0,19
decentralized_greedy,0.05,62061,14,10,400,2829,0.6443973135383527,4.5575,15.288614000794666,28.864284999492792,3804.0,0.6760263017593744,11,0.0,0,0
decentralized_greedy,0.05,28246,14,10,400,2851,0.7435987372851631,5.3,20.566620005250424,39.63202807554107,4734.0,0.6906915669681938,12,0.0,0,1
decentralized_greedy,0.05,790292,14,10,400,2811,0.6503023834934187,4.57,12.466972952218251,22.67038379999109,3841.0,0.6775445404833303,16,0.375,0,2
decentralized_greedy,0.05,370295,14,10,400,2849,0.7199017199017199,5.1275,23.065880834638136,38.460319873504815,3979.0,0.6598673300165837,16,0.0,0,3
decentralized_greedy,0.05,314085,14,10,400,2742,0.8719912472647703,5.9775,25.155611015882588,46.086704535372256,4060.0,0.6293597891799722,12,0.8181818181818182,1,4
decentralized_greedy,0.05,393354,14,10,400,2824,0.5754249291784702,4.0625,10.284852708234332,21.57411034455464,3589.0,0.6883390870732643,14,0.0,0,5
decentralized_greedy,0.05,285165,14,10,400,2745,0.8622950819672132,5.9175,19.36960936348545,35.76221731457603,4311.0,0.6455525606469003,17,0.0,0,6
decentralized_greedy,0.05,50316,14,10,400,2771,0.7834716708769397,5.4275,19.775000926932957,31.36692967978893,4638.0,0.6811572918196505,12,0.0,1,7
decentralized_greedy,0.05,902606,14,10,400,2828,0.25176803394625175,1.78,12.455433871846614,28.637787348075257,2793.0,0.7968616262482169,21,0.47619047619047616,0,8
decentralized_greedy,0.05,256177,14,10,400,2777,0.8437162405473533,5.8575,23.183533887763723,39.146936762395654,4301.0,0.6473509933774835,11,0.0,0,9
decentralized_greedy,0.05,817279,14,10,400,2694,0.5775798069784707,3.89,18.604461206601542,37.42782290472813,3598.0,0.6980985642219635,15,2.0,0,10
decentralized_greedy,0.05,90666,14,10,400,2876,0.6369958275382476,4.58,20.249938060501076,36.35162939023695,3794.0,0.6743690010664771,17,0.1875,1,11
decentralized_greedy,0.05,71010,14,10,400,2753,0.6258626952415547,4.3075,14.112074246276126,25.328573038247782,3730.0,0.68402714102329,20,0.10526315789473684,1,12
decentralized_greedy,0.05,663418,14,10,400,2754,0.4212055192447349,2.9,22.370677678033434,41.91794507888746,2714.0,0.7005678884873515,17,0.4,2,13
decentralized_greedy,0.05,581421,14,10,400,2709,0.8456995201181248,5.7275,19.114859691646956,33.142954470837964,4800.0,0.6769143985333521,7,0.14285714285714285,0,14
decentralized_greedy,0.05,633080,14,10,400,2725,0.7086238532110092,4.8275,23.985736287251797,45.16256012213396,3921.0,0.6700273410799726,12,0.75,0,15
decentralized_greedy,0.05,246191,14,10,400,2826,0.6546355272469923,4.625,27.48209859088529,48.25744811919214,3462.0,0.6517319277108434,14,0.0,0,16
decentralized_greedy,0.05,459500,14,10,400,2875,0.6066086956521739,4.36,18.77524014088368,33.00567381457178,3585.0,0.6727340964533683,19,0.47368421052631576,0,17
decentralized_greedy,0.05,935789,14,10,400,2748,0.722707423580786,4.965,17.160782895176972,31.185334867879554,3636.0,0.6467449306296692,18,0.0,0,18
decentralized_greedy,0.05,829730,14,10,400,2814,0.8507462686567164,5.985,25.22047930472438,52.34471882779957,4090.0,0.6307834669956817,13,2.923076923076923,0,19
decentralized_greedy,0.1,294035,14,10,400,2741,0.2816490331995622,1.93,9.54678060336929,22.48387889189115,2093.0,0.7305410122164049,35,1.9090909090909092,2,0
decentralized_greedy,0.1,730139,14,10,400,2725,0.4689908256880734,3.195,16.35041604562708,29.855429718951378,2805.0,0.6869948567229978,25,0.0,2,1
decentralized_greedy,0.1,275854,14,10,400,2722,0.5661278471711977,3.8525,16.824899808376994,29.214659938275407,3469.0,0.6924151696606786,32,0.5,2,2
decentralized_greedy,0.1,198635,14,10,400,2827,0.7771489211177928,5.4925,20.487544394165702,39.30640077944145,4030.0,0.6471816283924844,23,0.0,1,3
decentralized_greedy,0.1,734064,14,10,400,2801,0.5019635844341307,3.515,21.41496476278742,39.32064747940665,3056.0,0.6848946660690274,31,0.5161290322580645,0,4
decentralized_greedy,0.1,379423,14,10,400,2821,0.5352711804324708,3.775,15.262166840504372,31.661585651740346,3315.0,0.6870466321243524,30,2.2962962962962963,3,5
decentralized_greedy,0.1,330627,14,10,400,2808,0.5202991452991453,3.6525,18.576732489394157,38.20358441240816,3754.0,0.7198465963566635,26,0.64,1,6
decentralized_greedy,0.1,292159,14,10,400,2787,0.6788661643344097,4.73,14.680729029340318,29.889811653552346,3773.0,0.6660194174757281,30,2.2666666666666666,0,7
decentralized_greedy,0.1,321556,14,10,400,2818,0.521291696238467,3.6725,14.847876727460632,29.31387937139144,3719.0,0.7168465690053971,40,1.0512820512820513,0,8
decentralized_greedy,0.1,224599,14,10,400,2735,0.5235831809872029,3.58,11.46585538424555,22.448450021699827,3235.0,0.6931647739447182,25,0.96,0,9
decentralized_greedy,0.1,125614,14,10,400,2834,0.5800988002822866,4.11,18.666204616302156,38.32727152051218,3816.0,0.6989010989010989,38,0.0,0,10
decentralized_greedy,0.1,960297,14,10,400,2806,0.4305060584461867,3.02,27.61762873612529,54.91748905745955,2926.0,0.7077890662796323,29,3.8275862068965516,0,11
decentralized_greedy,0.1,455359,14,10,400,2827,0.5889635656172622,4.1625,18.11556664998128,33.85288203581916,3450.0,0.6744868035190615,30,2.2333333333333334,0,12
decentralized_greedy,0.1,927738,14,10,400,2679,0.47965658827920865,3.2125,21.190990750803426,39.17870143410433,3033.0,0.7024085224641038,21,0.85,1,13
decentralized_greedy,0.1,131202,14,10,400,2844,0.6304500703234881,4.4825,15.724605389344688,28.908185882847345,3690.0,0.6729892394674448,39,0.717948717948718,0,14
decentralized_greedy,0.1,466694,14,10,400,2858,0.6602519244226732,4.7175,20.912098588539912,40.282571374170054,3637.0,0.6583997103548154,24,0.5,0,15
decentralized_greedy,0.1,889914,14,10,400,2814,0.47583511016346836,3.3475,15.984721109412018,28.277730251385673,2526.0,0.6535575679172057,29,0.13793103448275862,0,16
decentralized_greedy,0.1,694720,14,10,400,2818,0.42760823278921223,3.0125,19.053529789161086,41.61817077362029,2579.0,0.681553911205074,26,9.5,2,17
decentralized_greedy,0.1,142155,14,10,400,2898,0.4855072463768116,3.5175,16.740680001666387,33.32157398613572,3249.0,0.6978092783505154,28,1.1785714285714286,0,18
decentralized_greedy,0.1,890675,14,10,400,2787,0.710800143523502,4.9525,24.126708663170376,43.00610485000382,3807.0,0.6577401520387007,25,0.5,1,19
decentralized_greedy,0.2,450970,14,10,400,2794,0.17752326413743735,1.24,13.510181656966923,33.06337187196805,1451.0,0.7452491011813046,60,5.266666666666667,0,0
decentralized_greedy,0.2,522067,14,10,400,2865,0.4652705061082024,3.3325,17.168146761130462,32.54537761909656,3283.0,0.7112218370883883,64,5.080645161290323,2,1
decentralized_greedy,0.2,64226,14,10,400,2869,0.30812129661903104,2.21,23.315666133903093,44.82562138896023,2674.0,0.7515458122540754,72,3.242424242424242,4,2
decentralized_greedy,0.2,878071,14,10,400,2762,0.37038377986965965,2.5575,22.710702140919263,47.26141668104424,2295.0,0.6916817359855335,61,0.8833333333333333,0,3
decentralized_greedy,0.2,462906,14,10,400,2785,0.5454219030520646,3.7975,19.593307755752406,34.93512498078697,3278.0,0.6833437565144882,64,1.03125,0,4
decentralized_greedy,0.2,872529,14,10,400,2786,0.1819813352476669,1.2675,25.970072262369964,79.46739678218034,1751.0,0.7754650132860939,59,6.839285714285714,3,5
decentralized_greedy,0.2,469341,14,10,400,2855,0.4374781085814361,3.1225,23.063457196581755,47.06474860298965,3058.0,0.7100069654051544,51,3.2916666666666665,3,6
decentralized_greedy,0.2,870168,14,10,400,2842,0.5552427867698804,3.945,16.248011238440224,32.25155629940846,3547.0,0.6920975609756097,56,0.6785714285714286,0,7
decentralized_greedy,0.2,862598,14,10,400,2824,0.6161473087818697,4.35,22.813909904600905,42.19883265232215,3722.0,0.681435371658733,65,0.4166666666666667,5,8
decentralized_greedy,0.2,161001,14,10,400,2784,0.23527298850574713,1.6375,19.02581005687236,41.83455206436865,1965.0,0.75,56,8.036363636363637,1,9
decentralized_greedy,0.2,902564,14,10,400,2685,0.20670391061452514,1.3875,12.1586467566453,24.778434419693482,1448.0,0.7229156265601597,62,1.1451612903225807,0,10
decentralized_greedy,0.2,941319,14,10,400,2836,0.4245416078984485,3.01,21.430683775923832,43.71104102145776,3229.0,0.7284006316264381,53,1.8,3,11
decentralized_greedy,0.2,249518,14,10,400,2878,0.2943015983321751,2.1175,15.934314696781932,29.64842964252655,2497.0,0.7467105263157895,57,0.6842105263157895,0,12
decentralized_greedy,0.2,13924,14,10,400,2769,0.4391477067533406,3.04,16.222123942143657,30.603236140825732,2929.0,0.7066344993968637,55,2.4,0,13
decentralized_greedy,0.2,771609,14,10,400,2759,0.5251902863356288,3.6225,18.195840789908033,36.50221466294492,3481.0,0.7060851926977688,53,3.830188679245283,0,14
decentralized_greedy,0.2,309912,14,10,400,2855,0.20875656742556917,1.49,14.457296799693502,29.59063635319469,2363.0,0.7985806015545792,63,4.967213114754099,1,15
decentralized_greedy,0.2,52431,14,10,400,2778,0.4377249820014399,3.04,17.854845410008828,37.44232673643688,3333.0,0.7326885029676852,50,1.5918367346938775,1,16
decentralized_greedy,0.2,543330,14,10,400,2807,0.29568934805842534,2.075,14.616588902204546,33.91732795082767,2502.0,0.7509003601440576,46,1.1666666666666667,2,17
decentralized_greedy,0.2,885502,14,10,400,2919,0.5053100376841384,3.6875,19.885910723870474,35.661598972838696,3664.0,0.7129791788285659,65,0.746031746031746,2,18
decentralized_greedy,0.2,249689,14,10,400,2830,0.4667844522968198,3.3025,20.089794171170187,38.20051775118024,2915.0,0.6881491973559962,59,6.833333333333333,5,19
decentralized_greedy,0.3,527122,14,10,400,2792,0.19448424068767908,1.3575,12.876575521923272,29.15058792363824,1737.0,0.7618421052631579,106,6.31,4,0
decentralized_greedy,0.3,935434,14,10,400,2713,0.280501290084777,1.9025,16.843815075762542,34.35360654376527,2312.0,0.7523592580540188,100,7.895833333333333,3,1
decentralized_greedy,0.3,744001,14,10,400,2790,0.42544802867383513,2.9675,24.035946074337062,43.62501675750596,2790.0,0.701533819461906,76,7.743243243243243,2,2
decentralized_greedy,0.3,627511,14,10,400,2884,0.3207350901525659,2.3125,17.102558110192486,33.26266695426215,2433.0,0.7245384157236451,99,0.5257731958762887,2,3
decentralized_greedy,0.3,340122,14,10,400,2829,0.3538352774832096,2.5025,15.603029950682906,35.234931897044795,3178.0,0.7604690117252931,92,2.090909090909091,4,4
decentralized_greedy,0.3,824561,14,10,400,2776,0.21253602305475505,1.475,17.79836449063817,39.59495679183871,1463.0,0.7126156843643449,82,1.3048780487804879,0,5
decentralized_greedy,0.3,448877,14,10,400,2887,0.37443713197090406,2.7025,12.214392348032161,27.62654110234603,3323.0,0.7545413260672116,96,4.395833333333333,0,6
decentralized_greedy,0.3,995686,14,10,400,2780,0.3856115107913669,2.68,21.03133547005815,39.46032214258782,3855.0,0.7824233813679724,89,4.393258426966292,0,7
decentralized_greedy,0.3,707106,14,10,400,2803,0.23118087763110953,1.62,11.250115329588999,23.74728412082666,2195.0,0.7720717551881815,82,6.974683544303797,3,8
decentralized_greedy,0.3,666140,14,10,400,2861,0.13666550157287663,0.9775,10.385162714452633,22.878322786781148,977.0,0.7141812865497076,92,4.802197802197802,1,9
decentralized_greedy,0.3,778017,14,10,400,2810,0.31601423487544483,2.22,15.34432242051741,31.75059869619084,3276.0,0.7867435158501441,78,2.3684210526315788,0,10
decentralized_greedy,0.3,238417,14,10,400,2825,0.1568141592920354,1.1075,11.688081632344675,28.062721323871887,1667.0,0.7900473933649289,85,6.0519480519480515,7,11
decentralized_greedy,0.3,430866,14,10,400,2654,0.22305953278070836,1.48,15.609273469930157,28.968165790118846,1996.0,0.7712519319938176,91,2.101123595505618,2,12
decentralized_greedy,0.3,236044,14,10,400,2876,0.28616133518776077,2.0575,14.881424801683249,30.194745924391174,3107.0,0.7905852417302799,74,5.768115942028985,2,13
decentralized_greedy,0.3,582251,14,10,400,2770,0.29494584837545124,2.0425,14.53325194536713,29.06026601000076,3355.0,0.8041706615532119,73,4.328767123287672,0,14
decentralized_greedy,0.3,747812,14,10,400,2806,0.3332145402708482,2.3375,11.881792259579896,25.20198172710826,2757.0,0.7467497291440953,89,1.6067415730337078,0,15
decentralized_greedy,0.3,67714,14,10,400,2813,0.38535371489512976,2.71,16.847060350676895,32.17342359467055,2906.0,0.7283208020050125,89,4.825581395348837,2,16
decentralized_greedy,0.3,772807,14,10,400,2909,0.28188380886902714,2.05,14.708939344708305,29.032934522146927,2151.0,0.723998653651969,82,1.7763157894736843,6,17
decentralized_greedy,0.3,565298,14,10,400,2906,0.37715072264280797,2.74,20.616131520271058,43.54004679245316,2911.0,0.7264786623409034,96,3.838709677419355,3,18
decentralized_greedy,0.3,2864,14,10,400,2884,0.21220527045769763,1.53,16.805065700805702,34.135742700368354,2005.0,0.7661444401987008,89,9.280898876404494,0,19
antsql,0.0,336710,14,10,400,2807,0.9996437477734236,7.015,27.740960395847917,63.492416423181865,859.0,0.2343792633015007,0,,0,0
antsql,0.0,726886,14,10,400,2926,0.9948735475051265,7.2775,40.69550170043257,85.30481093114477,911.0,0.23835688121402407,0,,0,1
antsql,0.0,286944,14,10,400,2805,0.996078431372549,6.985,31.76260126767812,58.70610768836948,908.0,0.24527282549972987,0,,0,2
antsql,0.0,292987,14,10,400,2720,0.9952205882352941,6.7675,32.756311623490554,59.780063835618535,784.0,0.22457748496132912,0,,0,3
antsql,0.0,234320,14,10,400,2768,0.9989161849710982,6.9125,34.00575421343241,61.49412710272175,900.0,0.24556616643929058,0,,0,4
antsql,0.0,468293,14,10,400,2728,0.9890029325513197,6.745,33.1744559674789,71.51208443709365,732.0,0.21341107871720116,0,,0,5
antsql,0.0,456058,14,10,400,2798,0.9942816297355254,6.955,21.583450195052322,48.92202763949859,765.0,0.21567521849450239,0,,0,6
antsql,0.0,796961,14,10,400,2812,0.9967994310099573,7.0075,35.16660220197534,79.213936960099,1045.0,0.27156964656964655,0,,0,7
antsql,0.0,661602,14,10,400,2777,0.9971191933741448,6.9225,26.005982862398476,54.324973349208435,642.0,0.1882145998240985,0,,0,8
antsql,0.0,525691,14,10,400,2857,0.9943997199859993,7.1025,35.25749758771953,72.5600322356361,938.0,0.24821381317808944,0,,0,9
antsql,0.0,933536,14,10,400,2758,0.9927483683828862,6.845,29.29007134184991,52.888099385696044,778.0,0.22127417519908987,0,,0,10
antsql,0.0,17561,14,10,400,2815,0.9857904085257548,6.9375,28.655738932332223,59.75456415667406,979.0,0.26078849227490675,0,,0,11
antsql,0.0,749479,14,10,400,2735,0.9996343692870201,6.835,29.721468501646967,57.008055193786774,832.0,0.2333146382501402,0,,0,12
antsql,0.0,752131,14,10,400,2777,0.9877565718401152,6.8575,31.629856967361103,66.66999611579294,731.0,0.2104202648244099,0,,0,13
antsql,0.0,140511,14,10,400,2825,0.9992920353982301,7.0575,30.350453886554956,63.639425763143905,752.0,0.21034965034965036,0,,0,14
antsql,0.0,459601,14,10,400,2761,0.9978268743208982,6.8875,31.223604640980263,59.213295321005106,861.0,0.238108407079646,0,,0,15
antsql,0.0,286270,14,10,400,2764,0.9638205499276411,6.66,36.51239315365169,76.73209992249305,843.0,0.24037639007698888,0,,0,16
antsql,0.0,848439,14,10,400,2774,0.9967555875991349,6.9125,30.754825990752714,64.10461160717364,911.0,0.24782372143634385,0,,0,17
antsql,0.0,323016,14,10,400,2767,0.9974701843151428,6.9,21.380344635813067,43.45599411083781,802.0,0.22515440763615946,0,,0,18
antsql,0.0,807688,14,10,400,2834,0.9989414255469301,7.0775,35.444973734581076,67.40769504268766,870.0,0.23507160226965684,0,,0,19
antsql,0.05,824429,14,10,400,2777,0.8303925099027728,5.765,27.23700602029978,56.71459776096319,782.0,0.25323834196891193,17,0.3333333333333333,2,0
antsql,0.05,187044,14,10,400,2782,0.6085549964054637,4.2325,37.79588038311775,75.5383142639497,824.0,0.32737385776718314,16,0.0,0,1
antsql,0.05,547285,14,10,400,2669,0.8209067066316973,5.4775,27.509153685356917,53.65670378476753,789.0,0.26476510067114095,16,0.625,0,2
antsql,0.05,926360,14,10,400,2823,0.9213602550478215,6.5025,33.22054428205394,80.73502510820208,882.0,0.2532299741602067,10,0.0,0,3
antsql,0.05,441010,14,10,400,2725,0.8935779816513761,6.0875,36.90358502423045,75.43730478434466,894.0,0.2685491138480024,18,0.0,0,4
antsql,0.05,596322,14,10,400,2753,0.8336360334180893,5.7375,41.44936267634804,79.93634605345396,786.0,0.25511197663096397,17,0.0,0,5
antsql,0.05,43914,14,10,400,2827,0.8811460912628227,6.2275,40.04236052829863,85.07605863876583,781.0,0.2386919315403423,13,0.0,0,6
antsql,0.05,81931,14,10,400,2782,0.9259525521207764,6.44,36.259797022052304,72.55683039786021,799.0,0.23674074074074075,10,0.0,0,7
antsql,0.05,773110,14,10,400,2935,0.5563884156729131,4.0825,27.402645069923874,60.966438123794816,663.0,0.2887630662020906,27,3.4814814814814814,0,8
antsql,0.05,17226,14,10,400,2820,0.749645390070922,5.285,32.57047509153441,69.31030287507768,839.0,0.28411784625804265,19,0.0,0,9
antsql,0.05,286606,14,10,400,2829,0.9664192294096854,6.835,29.695615836520304,56.90500400680958,985.0,0.2648561441247647,19,0.0,0,10
antsql,0.05,539585,14,10,400,2755,0.8395644283121597,5.7825,29.63662029856297,60.95478976803953,982.0,0.29802731411229133,18,0.7777777777777778,0,11
antsql,0.05,838705,14,10,400,2879,0.5418548106981591,3.9,14.509687280728546,30.053673087790607,579.0,0.270687237026648,16,2.0625,0,12
antsql,0.05,138373,14,10,400,2936,0.7377384196185286,5.415,43.88148817838241,92.9587218324005,723.0,0.2502596053997923,16,1.375,0,13
antsql,0.05,314209,14,10,400,2839,0.6667840789010215,4.7325,21.282401044653913,45.21039757400359,692.0,0.2676982591876209,21,0.5714285714285714,0,14
antsql,0.05,717980,14,10,400,2935,0.7226575809199318,5.3025,35.1939304883259,77.8627524726812,813.0,0.2770961145194274,15,0.2,0,15
antsql,0.05,138676,14,10,400,2759,0.5694092062341428,3.9275,34.17064951029763,76.85214646585739,675.0,0.30053428317008013,24,0.9166666666666666,0,16
antsql,0.05,574272,14,10,400,2844,0.9026019690576652,6.4175,26.426295362262035,56.50264255278868,719.0,0.21880706025562993,9,0.0,0,17
antsql,0.05,711305,14,10,400,2869,0.7800627396305333,5.595,20.806075658677333,45.790969015656856,719.0,0.24315184308420695,18,0.3333333333333333,0,18
antsql,0.05,163221,14,10,400,2761,0.8384643245201014,5.7875,24.15710548765373,48.965751067317434,837.0,0.2655456852791878,14,0.0,0,19
antsql,0.1,648087,14,10,400,2808,0.28774928774928776,2.02,28.876246581643993,62.57163663519154,478.0,0.37169517884914466,27,1.3076923076923077,0,0
antsql,0.1,426844,14,10,400,2865,0.7808027923211169,5.5925,36.29726581452431,77.09742779989432,815.0,0.2670380078636959,33,0.5151515151515151,0,1
antsql,0.1,796544,14,10,400,2812,0.8317923186344239,5.8475,36.1907092475956,75.95558475650748,717.0,0.23462041884816753,28,0.6666666666666666,4,2
antsql,0.1,657007,14,10,400,2730,0.6912087912087912,4.7175,36.15849101141148,80.79772670538182,893.0,0.3212230215827338,32,5.46875,0,3
antsql,0.1,33669,14,10,400,2773,0.9412188965019834,6.525,40.37884504456154,83.12062210160771,882.0,0.25257731958762886,26,0.11538461538461539,0,4
antsql,0.1,12447,14,10,400,2725,0.5526605504587156,3.765,27.095813559332463,61.319430590524206,536.0,0.2624877571008815,29,2.814814814814815,2,5
antsql,0.1,118950,14,10,400,2861,0.7088430618664803,5.07,35.87773685121835,74.94025638266196,698.0,0.25605282465150403,39,4.0,0,6
antsql,0.1,281588,14,10,400,2771,0.7282569469505593,5.045,28.4805431095781,60.69349141456348,825.0,0.29018642279282447,27,0.14814814814814814,0,7
antsql,0.1,780350,14,10,400,2859,0.6040573627142357,4.3175,24.808821026191378,57.12389708781267,696.0,0.2872472141972761,38,0.6756756756756757,1,8
antsql,0.1,46952,14,10,400,2755,0.7397459165154265,5.095,31.389936804534347,62.73297900353146,772.0,0.27473309608540925,32,0.125,0,9
antsql,0.1,309952,14,10,400,2794,0.8256979241231209,5.7675,22.40392386739188,49.03334452786726,706.0,0.23431795552605378,29,0.034482758620689655,0,10
antsql,0.1,156929,14,10,400,2588,0.5799845440494591,3.7525,27.486239954729356,59.27084901112507,774.0,0.3402197802197802,36,0.9117647058823529,1,11
antsql,0.1,530352,14,10,400,2830,0.6282685512367491,4.445,36.96066315285424,82.80127001694629,731.0,0.2913511359107214,33,0.28125,1,12
antsql,0.1,269034,14,10,400,2768,0.6654624277456648,4.605,39.5231532272381,86.61058807976254,691.0,0.2727990525069088,28,0.25925925925925924,1,13
antsql,0.1,824877,14,10,400,2937,0.4811031664964249,3.5325,34.995866038061926,76.36804158028947,633.0,0.3093841642228739,31,1.6774193548387097,0,14
antsql,0.1,299586,14,10,400,2712,0.7588495575221239,5.145,34.99164227437891,70.91341013656897,951.0,0.3160518444666002,32,0.0,0,15
antsql,0.1,593885,14,10,400,2848,0.5365168539325843,3.82,25.786397249854666,60.313407915142946,624.0,0.2899628252788104,28,2.888888888888889,1,16
antsql,0.1,3854,14,10,400,2821,0.9755405884438143,6.88,46.368864303477814,100.90611037234495,1031.0,0.2725350251123447,25,1.7083333333333333,1,17
antsql,0.1,224293,14,10,400,2733,0.9023051591657519,6.165,24.210186563077336,57.94637320585642,803.0,0.2456408687672071,27,0.7777777777777778,0,18
antsql,0.1,961462,14,10,400,2708,0.8275480059084195,5.6025,40.302837760663984,93.38858193992515,997.0,0.30790611488573194,25,0.04,0,19
antsql,0.2,926984,14,10,400,2761,0.6751177109742846,4.66,30.07852491303939,60.171584908336996,715.0,0.27723924001550987,54,1.5,0,0
antsql,0.2,326905,14,10,400,2757,0.6474428726877041,4.4625,31.001439804416364,67.49135289746063,906.0,0.3366778149386845,62,0.9508196721311475,1,1
antsql,0.2,256875,14,10,400,2733,0.743505305525064,5.08,38.10435154482543,82.97376601065989,685.0,0.2521163047478837,53,0.88,2,2
antsql,0.2,902285,14,10,400,2776,0.5547550432276657,3.85,40.79385523160486,93.54054644457216,677.0,0.3053676138926477,56,0.017857142857142856,0,3
antsql,0.2,192819,14,10,400,2827,0.5022992571630704,3.55,37.07989783575421,71.1596981567156,594.0,0.29493545183714004,72,0.5873015873015873,9,4
antsql,0.2,103017,14,10,400,2752,0.49164244186046513,3.3825,36.474915753714676,85.64881821508901,684.0,0.33578792341678937,70,4.6571428571428575,0,5
antsql,0.2,859957,14,10,400,2829,0.5514316012725344,3.9,36.18975370382666,72.52573216761466,800.0,0.3389830508474576,62,1.5737704918032787,1,6
antsql,0.2,285095,14,10,400,2805,0.6253119429590018,4.385,35.85411412278135,76.61744555923345,675.0,0.27789213668176205,63,1.1129032258064515,1,7
antsql,0.2,126721,14,10,400,2804,0.7631954350927247,5.35,28.28616560898537,59.383903680129556,877.0,0.2906861120318197,56,0.5272727272727272,1,8
antsql,0.2,366310,14,10,400,2853,0.8594461969856292,6.13,26.749140243893606,52.68722140635273,849.0,0.2571947894577401,48,2.2083333333333335,0,9
antsql,0.2,106314,14,10,400,2829,0.8561329091551785,6.055,36.624184875323735,75.03597189060598,768.0,0.24075235109717869,72,0.05714285714285714,2,10
antsql,0.2,392462,14,10,400,2829,0.8791092258748674,6.2175,34.40222089681487,68.43587912963208,898.0,0.265288035450517,56,0.0,0,11
antsql,0.2,65893,14,10,400,2852,0.7457924263674615,5.3175,46.83210355905971,98.22032697445455,858.0,0.28743718592964823,49,0.7551020408163265,0,12
antsql,0.2,351264,14,10,400,2786,0.6105527638190955,4.2525,36.2990947300678,72.03214692836492,805.0,0.32122905027932963,66,0.2857142857142857,2,13
antsql,0.2,579548,14,10,400,2847,0.7140850017562347,5.0825,47.281361986586504,107.15567646535229,821.0,0.287666433076384,63,1.4262295081967213,2,14
antsql,0.2,853504,14,10,400,2802,0.6192005710206995,4.3375,30.68986748877912,68.74079376146891,628.0,0.2657638595006348,56,3.482142857142857,0,15
antsql,0.2,776957,14,10,400,2746,0.37764020393299347,2.5925,35.873069190457436,82.02286436987261,536.0,0.34075015893197713,74,2.986111111111111,2,16
antsql,0.2,633742,14,10,400,2771,0.4687838325514255,3.2475,43.26168509391122,92.95717327292307,407.0,0.23856975381008205,60,5.035087719298246,3,17
antsql,0.2,995405,14,10,400,2869,0.8612757058208435,6.1775,32.770861557794326,68.51123208854007,711.0,0.2234443746071653,54,0.7358490566037735,0,18
antsql,0.2,106930,14,10,400,2863,0.7614390499476074,5.45,44.963798657700174,96.82849034640039,824.0,0.27430093209054596,61,4.508196721311475,0,19
antsql,0.3,580269,14,10,400,2759,0.22798115259151866,1.5725,30.70063792631133,82.7455847593988,288.0,0.31406761177753545,101,3.9381443298969074,4,0
antsql,0.3,959200,14,10,400,2833,0.1750794211083657,1.24,23.198555269023267,66.63832789974074,256.0,0.3404255319148936,89,3.3146067415730336,0,1
antsql,0.3,948811,14,10,400,2781,0.7357065803667745,5.115,31.738055061971238,69.36643697386853,797.0,0.2803376714737953,86,1.069767441860465,0,2
antsql,0.3,72420,14,10,400,2776,0.3523054755043228,2.445,30.551401819778455,68.45821333568287,344.0,0.26021180030257185,88,1.9318181818181819,0,3
antsql,0.3,225965,14,10,400,2769,0.19248826291079812,1.3325,22.731329412692343,54.687882375080946,307.0,0.36547619047619045,86,2.548780487804878,4,4
antsql,0.3,764792,14,10,400,2794,0.20901932712956334,1.46,35.13624998949043,75.53111900941725,358.0,0.38004246284501064,88,0.9431818181818182,0,5
antsql,0.3,89182,14,10,400,2807,0.7189169932312077,5.045,65.06494359695975,138.62722492308887,849.0,0.2961283571677712,95,1.4942528735632183,8,6
antsql,0.3,109128,14,10,400,2768,0.3171965317919075,2.195,25.739907061731344,61.30335009650244,366.0,0.2942122186495177,79,4.2465753424657535,6,7
antsql,0.3,87363,14,10,400,2877,0.18039624608967675,1.2975,32.78191165183427,72.33227278386835,202.0,0.2801664355062413,86,2.9220779220779223,9,8
antsql,0.3,962729,14,10,400,2842,0.25756509500351865,1.83,36.497181876746005,91.06780126245219,377.0,0.33994589720468893,94,3.4285714285714284,8,9
antsql,0.3,436137,14,10,400,2747,0.594466690935566,4.0825,45.51178609248681,101.12945119925881,568.0,0.25806451612903225,94,1.118279569892473,0,10
antsql,0.3,897775,14,10,400,2851,0.312872676253946,2.23,39.28508042403653,93.3101155855441,438.0,0.3293233082706767,111,0.8348623853211009,2,11
antsql,0.3,863386,14,10,400,2818,0.8608942512420156,6.065,42.15085205986841,89.99747092800965,908.0,0.27234553089382124,84,2.0238095238095237,0,12
antsql,0.3,505906,14,10,400,2809,0.3905304378782485,2.7425,30.92288307907289,71.76974338065482,504.0,0.31480324797001874,91,1.202247191011236,2,13
antsql,0.3,134011,14,10,400,2938,0.19571136827773997,1.4375,31.415843047475867,77.20403746657746,236.0,0.2909987669543773,90,1.3636363636363635,1,14
antsql,0.3,152654,14,10,400,2768,0.20339595375722544,1.4075,34.83499598514136,79.08201230502058,292.0,0.34152046783625734,94,0.8085106382978723,0,15
antsql,0.3,604733,14,10,400,2803,0.4766321798073493,3.34,27.81311099751267,65.92141490348625,547.0,0.290493892724376,85,4.858823529411764,0,16
antsql,0.3,604259,14,10,400,2793,0.35660580021482274,2.49,35.45651728167846,78.93941511043533,480.0,0.3252032520325203,101,2.57,1,17
antsql,0.3,285144,14,10,400,2785,0.6922800718132854,4.82,37.58098453698452,79.0296967266581,647.0,0.2512621359223301,92,7.434782608695652,0,18
antsql,0.3,83864,14,10,400,2799,0.0961057520543051,0.6725,36.961780559973356,88.66669647932879,102.0,0.2749326145552561,87,1.8620689655172413,0,19
